address,attributes,business_id,categories,city,hours,is_open,latitude,longitude,name,postal_code,review_count,stars,state
17-66 Wellington Street W,"{'RestaurantsPriceRange2': '2', 'WiFi': ""'free'"", 'BikeParking': 'True', 'OutdoorSeating': 'False', 'RestaurantsTakeOut': 'True', 'RestaurantsDelivery': 'False', 'Caters': 'False', 'Alcohol': ""'none'"", 'BusinessParking': ""{'garage': False, 'street': False, 'validated': False, 'lot': False, 'valet': False}""}",CSaB0_tKunqfcOqbw5FdAw,"Food, Coffee & Tea",Toronto,"{'Monday': '5:30-19:0', 'Tuesday': '5:30-19:0', 'Wednesday': '5:30-19:0', 'Thursday': '5:30-19:0', 'Friday': '5:30-19:0'}",1,43.647923,-79.381353,Starbucks,M5J 2W4,8,4.0,ON
139 Yorkville Ave,"{'RestaurantsTakeOut': 'True', 'GoodForKids': 'False', 'RestaurantsPriceRange2': '1', 'WiFi': ""'free'"", 'HasTV': 'False', 'BikeParking': 'True', 'NoiseLevel': ""u'average'"", 'RestaurantsDelivery': 'False', 'OutdoorSeating': 'True'}",X6Cgn59q3i3vK-lqzVY6gQ,"Cafes, Restaurants, Food, Coffee & Tea",Toronto,,1,43.7454374813,-79.4065709131,Starbucks,M5R 1C4,3,3.0,ON
"1 First Canadian Place, 77 Adelaide Street W","{'WiFi': ""'free'"", 'BikeParking': 'True', 'OutdoorSeating': 'False', 'RestaurantsPriceRange2': '2', 'BusinessParking': ""{'garage': False, 'street': False, 'validated': False, 'lot': False, 'valet': False}"", 'RestaurantsTakeOut': 'True', 'Caters': 'True'}",PNzGMlH0SnvIMxIESVNLgw,"Food, Coffee & Tea",Toronto,,1,43.64842,-79.3819,Starbucks,M5X 1C1,3,4.0,ON
1606-25 The West Mall,"{'NoiseLevel': ""u'loud'"", 'Caters': 'False', 'RestaurantsReservations': 'False', 'HasTV': 'False', 'Ambience': ""{'romantic': False, 'intimate': False, 'classy': False, 'hipster': False, 'touristy': False, 'trendy': False, 'upscale': False, 'casual': False}"", 'Alcohol': ""u'none'"", 'RestaurantsAttire': ""u'casual'"", 'WiFi': ""u'free'"", 'RestaurantsDelivery': 'False', 'OutdoorSeating': 'False', 'RestaurantsGoodForGroups': 'True', 'RestaurantsTakeOut': 'True', 'GoodForKids': 'True', 'BikeParking': 'True', 'RestaurantsPriceRange2': '2', 'BusinessParking': ""{'garage': False, 'street': False, 'validated': False, 'lot': True, 'valet': False}""}",jVJcR4y8q7FuwlK0cYVuyw,"Restaurants, Food, Cafes, Coffee & Tea",Toronto,"{'Monday': '6:0-22:0', 'Tuesday': '6:0-22:0', 'Wednesday': '6:0-22:0', 'Thursday': '6:0-22:0', 'Friday': '6:0-22:0', 'Saturday': '7:0-22:0', 'Sunday': '8:0-20:0'}",1,43.6128989614,-79.5557354906,Starbucks,M9C 1B8,15,3.0,ON
205 Humber College Boulevard,"{'RestaurantsTakeOut': 'True', 'RestaurantsDelivery': 'False'}",POuD26KrQ_ssxKuSFfXY0A,"Coffee & Tea, Food, Bakeries",Toronto,"{'Monday': '7:30-17:0', 'Tuesday': '7:30-17:0', 'Wednesday': '7:30-17:0', 'Thursday': '7:30-17:0', 'Friday': '7:30-17:0'}",1,43.729443,-79.607311,Starbucks,M9W 5L7,6,2.5,ON
2201 Dundas St W,"{'WiFi': ""u'free'"", 'OutdoorSeating': 'True', 'RestaurantsPriceRange2': '2', 'BusinessParking': ""{'garage': False, 'street': True, 'validated': False, 'lot': False, 'valet': False}"", 'RestaurantsTakeOut': 'True', 'BikeParking': 'True'}",8zhQrSmdFFowL5fsGFPdpg,"Food, Coffee & Tea",Toronto,"{'Monday': '6:0-22:0', 'Tuesday': '6:0-22:0', 'Wednesday': '6:0-22:0', 'Thursday': '6:0-22:0', 'Friday': '6:0-22:0', 'Saturday': '6:0-22:0', 'Sunday': '6:30-21:30'}",1,43.6534629,-79.4514725,Starbucks,M6R 1X5,14,3.5,ON
"Yorkdale Shopping Center, 3401 Dufferin Street","{'BikeParking': 'True', 'RestaurantsTakeOut': 'True', 'RestaurantsPriceRange2': '2', 'OutdoorSeating': 'False', 'WiFi': ""'free'"", 'BusinessParking': ""{'garage': False, 'street': False, 'validated': False, 'lot': False, 'valet': False}"", 'Caters': 'False', 'DogsAllowed': 'False'}",0HIiowOQJgs46UL8Vt3lsQ,"Coffee & Tea, Food",Toronto,"{'Monday': '10:0-22:0', 'Tuesday': '10:0-22:0', 'Wednesday': '10:0-22:0', 'Thursday': '10:0-22:0', 'Friday': '9:30-22:0', 'Saturday': '10:0-22:0', 'Sunday': '10:0-22:0'}",1,43.7254226167,-79.4521206528,Starbucks,M6A 2T9,18,3.0,ON
621 King Street W,"{'BikeParking': 'True', 'RestaurantsPriceRange2': '2', 'OutdoorSeating': 'True', 'WiFi': ""u'free'"", 'RestaurantsTakeOut': 'True', 'BusinessParking': ""{'garage': None, 'street': True, 'validated': None, 'lot': None, 'valet': False}""}",XWmKkm9pjvGcONXjtQnLaw,"Food, Coffee & Tea",Toronto,"{'Monday': '6:0-23:0', 'Tuesday': '6:0-23:0', 'Wednesday': '6:0-23:0', 'Thursday': '6:0-23:0', 'Friday': '6:0-23:0', 'Saturday': '7:0-23:0', 'Sunday': '7:0-22:0'}",1,43.6440961,-79.4011702,Starbucks,M5V 1K4,7,3.5,ON
3079-3081 Bloor Street W,"{'BusinessParking': ""{'garage': False, 'street': False, 'validated': False, 'lot': False, 'valet': False}"", 'WiFi': ""u'free'"", 'RestaurantsPriceRange2': '2', 'BikeParking': 'True', 'OutdoorSeating': 'True', 'RestaurantsTakeOut': 'True'}",6nCcjMGRfpIiIi5JMgUNrg,"Coffee & Tea, Food",Toronto,"{'Monday': '6:0-21:0', 'Tuesday': '6:0-21:0', 'Wednesday': '6:0-21:0', 'Thursday': '6:0-21:0', 'Friday': '6:0-21:30', 'Saturday': '6:0-20:0', 'Sunday': '6:0-20:0'}",1,43.6465971,-79.5139148,Starbucks,M8X 1C7,10,3.0,ON
555 University Avenue,"{'RestaurantsPriceRange2': '2', 'RestaurantsTakeOut': 'True', 'WiFi': ""u'free'"", 'BikeParking': 'True', 'OutdoorSeating': 'True', 'BusinessParking': ""{'garage': False, 'street': False, 'validated': False, 'lot': False, 'valet': False}""}",_pPwJtNAos0Irk987FYNpg,"Cafes, Restaurants, Food, Coffee & Tea",Toronto,"{'Monday': '0:0-0:0', 'Tuesday': '0:0-0:0', 'Wednesday': '0:0-0:0', 'Thursday': '0:0-0:0', 'Friday': '0:0-0:0', 'Saturday': '0:0-0:0', 'Sunday': '0:0-0:0'}",1,43.6570957,-79.3877344,Starbucks,M5G 1X8,15,4.5,ON
110 Bloor St W,"{'RestaurantsPriceRange2': '2', 'RestaurantsAttire': ""u'casual'"", 'WiFi': ""'free'"", 'OutdoorSeating': 'True', 'RestaurantsTakeOut': 'True', 'BusinessParking': ""{'garage': False, 'street': False, 'validated': False, 'lot': False, 'valet': False}"", 'BikeParking': 'True'}",Vl8PYZKd26DHGSi5rNo5SQ,"Cafes, Restaurants, Food, Coffee & Tea",Toronto,,1,43.6694504,-79.3922208,Starbucks,M5S 2W7,5,4.5,ON
"155 Wellington Street W, Suite 137","{'RestaurantsPriceRange2': '2', 'OutdoorSeating': 'False', 'WiFi': ""u'free'"", 'BikeParking': 'True', 'BusinessParking': ""{'garage': False, 'street': False, 'validated': False, 'lot': False, 'valet': False}"", 'RestaurantsTakeOut': 'True', 'Caters': 'False'}",kmF4ghAzgUNlKj0qifeSRw,"Food, Coffee & Tea",Toronto,"{'Monday': '5:30-20:0', 'Tuesday': '5:30-20:0', 'Wednesday': '5:30-20:0', 'Thursday': '5:30-20:0', 'Friday': '5:30-20:0', 'Saturday': '7:0-20:0', 'Sunday': '7:0-18:0'}",1,43.6458894,-79.3857904,Starbucks,M5V 3H6,6,3.0,ON
1842 Queen St E,"{'OutdoorSeating': 'True', 'BusinessParking': ""{'garage': False, 'street': False, 'validated': False, 'lot': False, 'valet': False}"", 'WiFi': ""'free'"", 'RestaurantsPriceRange2': '2', 'BikeParking': 'True', 'RestaurantsTakeOut': 'True'}",2iYGfGTI2Bm56rUaJfpZug,"Food, Coffee & Tea",Toronto,,1,43.668546,-79.307956,Starbucks,M4L 6T3,9,3.0,ON
1564 Royal York Road,"{'RestaurantsPriceRange2': '2', 'OutdoorSeating': 'True', 'WiFi': ""'free'"", 'RestaurantsTakeOut': 'True', 'BikeParking': 'False', 'BusinessParking': ""{'garage': False, 'street': False, 'validated': False, 'lot': True, 'valet': False}""}",bD5sbDj_lMYnyUpbG3xm3Q,"Food, Coffee & Tea",Toronto,"{'Monday': '6:0-22:0', 'Tuesday': '6:0-22:0', 'Wednesday': '6:0-22:0', 'Thursday': '6:0-22:0', 'Friday': '6:0-23:0', 'Saturday': '6:0-23:0', 'Sunday': '6:0-22:0'}",1,43.6963388,-79.5333982,Starbucks,M9P 3C4,8,4.0,ON
47 Charles Street W,"{'WiFi': ""'free'"", 'BusinessParking': ""{'garage': True, 'street': False, 'validated': False, 'lot': False, 'valet': False}"", 'RestaurantsPriceRange2': '1', 'BikeParking': 'True', 'RestaurantsTakeOut': 'True', 'OutdoorSeating': 'True'}",3dY5ljdznVZPZun37v2PWQ,"Food, Coffee & Tea",Toronto,"{'Monday': '6:0-22:0', 'Tuesday': '6:0-22:0', 'Wednesday': '6:0-22:0', 'Thursday': '6:0-22:0', 'Friday': '6:0-22:0', 'Saturday': '7:0-22:0', 'Sunday': '7:0-21:0'}",1,43.668171,-79.3889187,Starbucks,M5S 1K5,13,3.5,ON
888 Danforth Avenue,"{'OutdoorSeating': 'True', 'WiFi': ""u'free'"", 'RestaurantsPriceRange2': '2', 'RestaurantsTakeOut': 'True', 'BusinessParking': ""{'garage': False, 'street': False, 'validated': False, 'lot': False, 'valet': False}"", 'Caters': 'False'}",1W5VSOsR6p4YFN8NHeNznA,"Food, Coffee & Tea",Toronto,"{'Monday': '6:0-22:0', 'Tuesday': '5:30-22:0', 'Wednesday': '5:30-22:0', 'Thursday': '5:30-22:0', 'Friday': '5:30-22:0', 'Saturday': '6:0-22:0', 'Sunday': '6:0-22:0'}",1,43.6800867595,-79.3396350369,Starbucks,M4J 1L9,8,3.0,ON
446 Spadina Road,"{'BusinessParking': ""{'garage': False, 'street': False, 'validated': False, 'lot': False, 'valet': False}"", 'RestaurantsDelivery': 'False', 'GoodForKids': 'True', 'OutdoorSeating': 'False', 'RestaurantsTakeOut': 'True', 'BikeParking': 'True', 'Alcohol': ""u'none'"", 'WiFi': ""'free'"", 'NoiseLevel': ""u'loud'"", 'RestaurantsReservations': 'False', 'Caters': 'False', 'RestaurantsTableService': 'False', 'GoodForMeal': ""{'dessert': False, 'latenight': False, 'lunch': False, 'dinner': False, 'breakfast': False, 'brunch': False}"", 'HasTV': 'False', 'Ambience': ""{'romantic': False, 'intimate': False, 'classy': False, 'hipster': False, 'divey': False, 'touristy': False, 'trendy': False, 'upscale': False, 'casual': False}"", 'RestaurantsAttire': ""u'casual'"", 'RestaurantsGoodForGroups': 'False', 'RestaurantsPriceRange2': '2'}",26E-xm4fqOzSPATzy5n7-Q,"Coffee & Tea, Food, Cafes, Restaurants",Toronto,"{'Monday': '5:30-22:30', 'Tuesday': '5:30-22:30', 'Wednesday': '5:30-22:30', 'Thursday': '5:30-22:30', 'Friday': '5:30-23:0', 'Saturday': '5:30-23:0', 'Sunday': '5:30-23:0'}",1,43.6403364446,-79.3928522281,Starbucks,M5P 3M2,9,3.0,ON
"York Mills Centre, 4050 Yonge Street","{'BusinessParking': ""{'garage': False, 'street': False, 'validated': False, 'lot': False, 'valet': False}"", 'BikeParking': 'True', 'OutdoorSeating': 'True', 'RestaurantsTakeOut': 'True', 'WiFi': ""u'free'"", 'RestaurantsPriceRange2': '2'}",jwKMRiXLqsMH0swc0boeNA,"Coffee & Tea, Food",Toronto,"{'Monday': '9:0-17:30', 'Tuesday': '6:0-22:0', 'Wednesday': '6:0-22:0', 'Thursday': '6:0-22:0', 'Friday': '6:0-22:0', 'Saturday': '6:0-21:0', 'Sunday': '6:0-21:0'}",1,43.7446232281,-79.4064658578,Starbucks,M2P 2G2,7,3.5,ON
"Scotia Plaza, 40 King Street W, Unit M128","{'BikeParking': 'True', 'Alcohol': ""u'none'"", 'RestaurantsPriceRange2': '2', 'RestaurantsAttire': ""u'casual'"", 'NoiseLevel': ""u'average'"", 'OutdoorSeating': 'False', 'Ambience': ""{'romantic': False, 'intimate': False, 'classy': False, 'hipster': False, 'divey': False, 'touristy': False, 'trendy': False, 'upscale': False, 'casual': False}"", 'RestaurantsReservations': 'False', 'RestaurantsGoodForGroups': 'False', 'RestaurantsDelivery': 'False', 'BusinessParking': ""{'garage': False, 'street': False, 'validated': False, 'lot': False, 'valet': False}"", 'GoodForKids': 'False', 'RestaurantsTableService': 'False', 'RestaurantsTakeOut': 'True', 'GoodForMeal': ""{'dessert': False, 'latenight': False, 'lunch': False, 'dinner': False, 'brunch': False, 'breakfast': False}"", 'WiFi': ""u'free'"", 'HasTV': 'True'}",BZInFfFFCne6n3zmzg8zzA,"Restaurants, Food, Coffee & Tea, Sandwiches, Bakeries",Toronto,"{'Monday': '5:30-19:0', 'Tuesday': '5:30-19:0', 'Wednesday': '5:30-19:0', 'Thursday': '5:30-19:0', 'Friday': '5:30-19:0'}",1,43.6497992662,-79.3793812386,Starbucks,M5H 3Y2,5,3.5,ON
106 Danforth Avenue,"{'RestaurantsPriceRange2': '1', 'RestaurantsTakeOut': 'True', 'Caters': 'False', 'BikeParking': 'True', 'WiFi': ""'free'"", 'BusinessParking': ""{'garage': False, 'street': False, 'validated': False, 'lot': False, 'valet': False}"", 'OutdoorSeating': 'True'}",bd0PmUIJj8AWagSI7E-cIA,"Coffee & Tea, Food",Toronto,"{'Monday': '6:0-22:30', 'Tuesday': '6:0-22:30', 'Wednesday': '6:0-22:30', 'Thursday': '6:0-22:30', 'Friday': '6:0-22:30', 'Saturday': '6:0-23:0', 'Sunday': '6:0-23:0'}",1,43.6765666,-79.3583645,Starbucks,M4K 1N1,4,5.0,ON
878 Eglinton Avenue E,"{'OutdoorSeating': 'True', 'RestaurantsPriceRange2': '2', 'RestaurantsTakeOut': 'True', 'BusinessParking': ""{'garage': False, 'street': False, 'validated': False, 'lot': False, 'valet': False}"", 'WiFi': ""'free'"", 'BikeParking': 'True', 'Caters': 'True'}",-Mu6qCYjrcvBgwIhLoh08g,"Coffee & Tea, Food",Toronto,"{'Monday': '6:0-21:0', 'Tuesday': '6:0-21:0', 'Wednesday': '6:0-21:0', 'Thursday': '6:0-18:0', 'Friday': '8:0-15:0', 'Saturday': '8:0-18:0', 'Sunday': '7:0-21:0'}",1,43.7137393,-79.3650136,Starbucks,M4G 2L1,5,3.5,ON
"150 Parklawn Road, Unit A","{'RestaurantsTakeOut': 'True', 'BikeParking': 'True', 'RestaurantsPriceRange2': '2', 'BusinessParking': ""{'garage': False, 'street': False, 'validated': False, 'lot': True, 'valet': False}"", 'WiFi': ""'free'"", 'OutdoorSeating': 'True', 'HasTV': 'False', 'Caters': 'True', 'RestaurantsAttire': ""u'casual'""}",zvOy4znhODeXleiublTsRg,"Cafes, Restaurants, Food, Coffee & Tea",Toronto,"{'Monday': '0:0-0:0', 'Tuesday': '0:0-0:0', 'Wednesday': '0:0-0:0', 'Thursday': '0:0-0:0', 'Friday': '0:0-0:0', 'Saturday': '0:0-0:0', 'Sunday': '0:0-0:0'}",1,43.6279314,-79.4893928,Starbucks,M8Y 0B6,17,3.5,ON
908 Queen Street E,"{'BusinessParking': ""{'garage': False, 'street': True, 'validated': False, 'lot': False, 'valet': False}"", 'WiFi': ""u'free'"", 'RestaurantsPriceRange2': '2', 'BikeParking': 'True', 'OutdoorSeating': 'False', 'RestaurantsTakeOut': 'True'}",WkvwNOJQcg3awIFwqCkQWA,"Coffee & Tea, Food",Toronto,"{'Monday': '6:0-22:0', 'Tuesday': '6:0-22:0', 'Wednesday': '6:0-22:0', 'Thursday': '6:0-22:0', 'Friday': '6:0-22:0', 'Saturday': '6:0-22:0', 'Sunday': '6:30-22:0'}",1,43.6606740478,-79.3424128435,Starbucks,M4M 1J5,11,3.0,ON
255 Morningside Avenue,"{'RestaurantsPriceRange2': '2', 'WiFi': ""u'free'"", 'OutdoorSeating': 'True', 'BusinessParking': ""{'garage': False, 'street': False, 'validated': False, 'lot': False, 'valet': False}"", 'BikeParking': 'True'}",1SoRfuanThvBDYZEQSsePg,"Coffee & Tea, Food",Toronto,"{'Monday': '6:0-22:0', 'Tuesday': '6:0-22:0', 'Wednesday': '6:0-22:0', 'Thursday': '6:0-22:0', 'Friday': '6:0-22:0', 'Saturday': '6:30-22:0', 'Sunday': '7:0-22:0'}",1,43.7703467469,-79.1864501134,Starbucks,M1E 2N7,16,2.5,ON
1960 Queen Street E,"{'Alcohol': ""u'none'"", 'Ambience': ""{'romantic': False, 'intimate': False, 'classy': False, 'hipster': False, 'touristy': False, 'trendy': False, 'upscale': False, 'casual': False}"", 'RestaurantsGoodForGroups': 'False', 'RestaurantsAttire': ""u'casual'"", 'RestaurantsPriceRange2': '2', 'WiFi': ""u'free'"", 'HasTV': 'False', 'OutdoorSeating': 'True', 'BusinessParking': ""{'garage': False, 'street': False, 'validated': False, 'lot': False, 'valet': False}"", 'NoiseLevel': ""u'average'"", 'RestaurantsTakeOut': 'True', 'BikeParking': 'True'}",l0jSI_t4rm4Q3zb74mp0Kg,"Restaurants, Food, Cafes, Coffee & Tea",Toronto,"{'Monday': '5:30-21:30', 'Tuesday': '5:30-21:30', 'Wednesday': '5:30-21:30', 'Thursday': '5:30-21:30', 'Friday': '5:30-21:30', 'Saturday': '5:30-21:30', 'Sunday': '5:30-21:30'}",1,43.669736,-79.3020569,Starbucks,M4L 1J2,8,3.0,ON
3559 Lake Shore Boulevard W,"{'BusinessParking': ""{'garage': False, 'street': True, 'validated': False, 'lot': False, 'valet': False}"", 'WiFi': ""'free'"", 'BikeParking': 'True', 'RestaurantsPriceRange2': '1', 'OutdoorSeating': 'True', 'Caters': 'True', 'RestaurantsTakeOut': 'True'}",sFX77sPr_VM8TTaTE6vuZg,"Internet Cafes, Food, Coffee & Tea",Toronto,"{'Monday': '6:0-21:0', 'Tuesday': '6:0-21:0', 'Wednesday': '6:0-21:0', 'Thursday': '6:0-21:0', 'Friday': '6:0-21:0', 'Saturday': '6:0-21:0', 'Sunday': '7:0-20:0'}",1,43.5944134064,-79.5333289431,Starbucks,M8W 1P4,10,4.0,ON
394 Bay Street,"{'WiFi': ""u'free'"", 'BusinessParking': ""{'garage': False, 'street': True, 'validated': False, 'lot': False, 'valet': False}"", 'RestaurantsPriceRange2': '2', 'OutdoorSeating': 'True'}",Q-nziRgGBgPnJA0k90mwpw,"Coffee & Tea, American (New), Restaurants, Food",Toronto,"{'Monday': '6:0-20:0', 'Tuesday': '6:0-20:0', 'Wednesday': '6:0-20:0', 'Thursday': '6:0-20:0', 'Friday': '6:0-22:0', 'Saturday': '7:0-22:0', 'Sunday': '7:0-21:0'}",0,43.6517599,-79.3816391,Starbucks,M5H 2Y3,11,4.0,ON
600 Fleet Street,"{'OutdoorSeating': 'True', 'BusinessParking': ""{'garage': False, 'street': False, 'validated': False, 'lot': False, 'valet': False}"", 'BikeParking': 'True', 'RestaurantsTakeOut': 'True', 'WiFi': ""'free'"", 'RestaurantsPriceRange2': '3'}",IQUToybv1zwwyHAUr-mI5w,"Food, Coffee & Tea",Toronto,"{'Monday': '6:0-21:0', 'Tuesday': '6:0-21:0', 'Wednesday': '6:0-21:0', 'Thursday': '6:0-21:0', 'Friday': '7:0-21:0', 'Saturday': '7:0-21:0', 'Sunday': '7:0-21:0'}",1,43.6366681,-79.4004451,Starbucks,M5V 1B7,3,4.0,ON
224 Wellington Street W,"{'RestaurantsPriceRange2': '1', 'BusinessParking': ""{'garage': False, 'street': False, 'validated': False, 'lot': False, 'valet': False}"", 'RestaurantsTakeOut': 'True', 'OutdoorSeating': 'True', 'WiFi': ""'free'"", 'BikeParking': 'True', 'Caters': 'True'}",svO3y8mxG52JHlJgJyus6Q,"Food, Coffee & Tea",Toronto,,1,43.6453090943,-79.3892582043,Starbucks,M5V 3W1,8,4.0,ON
2293 Yonge Street,"{'NoiseLevel': ""u'quiet'"", 'RestaurantsGoodForGroups': 'False', 'RestaurantsPriceRange2': '3', 'WiFi': ""u'free'"", 'OutdoorSeating': 'True', 'GoodForKids': 'False', 'RestaurantsTakeOut': 'True', 'RestaurantsReservations': 'False', 'BikeParking': 'True', 'RestaurantsDelivery': 'False'}",xYXXe5tikoTEH-g1O0uUdQ,"Cafes, Restaurants, Food, Coffee & Tea",Toronto,"{'Monday': '6:0-23:0', 'Tuesday': '6:0-23:0', 'Wednesday': '6:0-23:0', 'Thursday': '6:0-23:0', 'Friday': '6:0-23:0', 'Saturday': '6:30-23:0', 'Sunday': '6:30-22:0'}",0,43.7075928,-79.3982562,Starbucks,M4P 2C6,4,3.5,ON
444 Eglinton Ave W,"{'OutdoorSeating': 'True', 'WiFi': ""u'free'"", 'BusinessParking': ""{'garage': False, 'street': False, 'validated': False, 'lot': False, 'valet': False}"", 'BikeParking': 'True', 'RestaurantsPriceRange2': '2', 'RestaurantsTakeOut': 'True'}",cPeDObAgbvJnEz-68mV53Q,"Coffee & Tea, Food",Toronto,,1,43.7041712,-79.411887,Starbucks,M5N 1A5,7,3.0,ON
185 King Street E,"{'RestaurantsPriceRange2': '2', 'BusinessParking': ""{'garage': False, 'street': True, 'validated': False, 'lot': False, 'valet': False}"", 'WiFi': ""u'free'"", 'OutdoorSeating': 'True', 'BikeParking': 'True', 'RestaurantsTakeOut': 'True'}",t3iIZOWLt4SiV-Xwnk0IcQ,"Coffee & Tea, Food",Toronto,,0,43.6505091,-79.3707584,Starbucks,M5A 1J4,14,3.5,ON
"220 Yonge St, Unit YG-18","{'OutdoorSeating': 'False', 'RestaurantsTakeOut': 'True', 'BikeParking': 'True', 'RestaurantsPriceRange2': '2', 'WiFi': ""'free'"", 'BusinessParking': ""{'garage': False, 'street': False, 'validated': False, 'lot': False, 'valet': False}""}",QOoQ5F9K0SAC0suH9hOMWw,"Restaurants, Food, Cafes, Coffee & Tea",Toronto,,1,43.6540644,-79.3806966,Starbucks,M5B 2H1,5,3.5,ON
1090 Don Mills Road,"{'BikeParking': 'True', 'RestaurantsTakeOut': 'True', 'RestaurantsPriceRange2': '2', 'BusinessParking': ""{'garage': False, 'street': False, 'validated': False, 'lot': True, 'valet': False}"", 'WiFi': ""u'free'"", 'OutdoorSeating': 'True', 'Caters': 'False'}",iLPDJsSBF5n_YGBJu3bgOQ,"Food, Coffee & Tea, Sandwiches, Restaurants, Internet Cafes",Toronto,"{'Monday': '6:0-23:0', 'Tuesday': '6:0-23:0', 'Wednesday': '6:0-23:0', 'Thursday': '6:0-23:0', 'Friday': '6:0-23:30', 'Saturday': '6:30-23:30', 'Sunday': '7:0-22:0'}",0,43.7340274,-79.3439154,Starbucks,M3C 3R6,13,3.0,ON
66 Gerrard St E,"{'WiFi': ""u'free'"", 'BusinessParking': ""{'garage': False, 'street': False, 'validated': False, 'lot': False, 'valet': False}"", 'RestaurantsPriceRange2': '2', 'BikeParking': 'True', 'OutdoorSeating': 'False', 'RestaurantsTakeOut': 'True'}",VtvX7_l85VrSTfTA4vqsaA,"Coffee & Tea, Food",Toronto,"{'Monday': '6:0-22:0', 'Tuesday': '6:0-22:0', 'Wednesday': '6:0-22:0', 'Thursday': '6:0-22:0', 'Friday': '6:0-22:0', 'Saturday': '7:0-22:0', 'Sunday': '7:0-22:0'}",1,43.6600471,-79.3788023,Starbucks,M5B 1G3,9,3.5,ON
1997 Bloor St W,"{'BusinessParking': ""{'garage': False, 'street': True, 'validated': False, 'lot': False, 'valet': False}"", 'RestaurantsPriceRange2': '2', 'BikeParking': 'True', 'OutdoorSeating': 'True', 'RestaurantsTakeOut': 'True', 'WiFi': ""'free'""}",2qw3XYmMXX4qDHNrznts3A,"Food, Coffee & Tea",Toronto,,0,43.6521306,-79.4708218,Starbucks,M6S 1M4,5,3.0,ON
732 Queen Street W,"{'BusinessParking': ""{'garage': False, 'street': False, 'validated': False, 'lot': False, 'valet': False}"", 'RestaurantsPriceRange2': '1', 'BikeParking': 'True', 'WiFi': ""'free'"", 'OutdoorSeating': 'True'}",8IqwuXBUd-qJA3ruLOAN5A,"Coffee & Tea, Food",Toronto,,0,43.6462841,-79.4098376,Starbucks,M6J 1E9,3,1.5,ON
504 St. Clair Avenue W,"{'BikeParking': 'True', 'BusinessParking': ""{'garage': False, 'street': False, 'validated': False, 'lot': False, 'valet': False}"", 'RestaurantsPriceRange2': '2', 'OutdoorSeating': 'True', 'RestaurantsTakeOut': 'True', 'WiFi': ""u'free'""}",WFq0VNN0L5Nw4bcz6AJ57g,"Cafes, Coffee & Tea, Restaurants, Food",Toronto,,1,43.6832943221,-79.4185348114,Starbucks,M5R 3E9,14,3.0,ON
"686 Bay Street, Unit 3","{'WiFi': ""'free'"", 'RestaurantsTakeOut': 'True', 'BusinessParking': ""{'garage': False, 'street': False, 'validated': False, 'lot': False, 'valet': False}""}",Fjh0c4wkE2hkoBqxwaRuxg,"Food, Bakeries, Coffee & Tea",Toronto,"{'Tuesday': '6:30-21:0', 'Wednesday': '6:30-21:0', 'Thursday': '6:30-21:0', 'Friday': '6:30-21:0', 'Saturday': '7:0-21:0', 'Sunday': '7:0-21:0'}",1,43.6574832262,-79.3845950278,Starbucks,M5G 0A4,4,4.0,ON
55 Harbord Street,"{'OutdoorSeating': 'True', 'BusinessParking': ""{'garage': False, 'street': False, 'validated': False, 'lot': False, 'valet': False}"", 'WiFi': ""u'no'"", 'RestaurantsPriceRange2': '2', 'BikeParking': 'True', 'RestaurantsTakeOut': 'True'}",X2rYGuaK2QN0cSROGC_1pw,"Food, Coffee & Tea",Toronto,"{'Monday': '7:0-21:0', 'Tuesday': '7:0-21:0', 'Wednesday': '7:0-21:0', 'Thursday': '7:0-21:0', 'Friday': '7:0-21:0', 'Saturday': '9:0-18:0', 'Sunday': '9:0-18:0'}",0,43.6628599,-79.4010365,Starbucks,M5S 2W6,5,2.0,ON
1200 King Street W,"{'OutdoorSeating': 'True', 'BikeParking': 'True', 'BusinessParking': ""{'garage': False, 'street': False, 'validated': False, 'lot': False, 'valet': False}"", 'RestaurantsPriceRange2': '3', 'RestaurantsTakeOut': 'True', 'WiFi': ""'free'""}",kfUJML_Mkjme6tmJTvkFKg,"Restaurants, Coffee & Tea, Food, Cafes",Toronto,"{'Monday': '6:0-22:0', 'Tuesday': '6:0-22:0', 'Wednesday': '6:0-22:0', 'Thursday': '6:0-22:0', 'Friday': '6:0-22:0', 'Saturday': '7:0-22:0', 'Sunday': '7:0-22:0'}",1,43.6389972833,-79.4276376881,Starbucks,M6K 1G4,3,3.5,ON
694 Mount Pleasant,"{'OutdoorSeating': 'True', 'WiFi': ""u'free'"", 'BikeParking': 'True', 'RestaurantsPriceRange2': '2', 'BusinessParking': ""{'garage': False, 'street': False, 'validated': False, 'lot': False, 'valet': False}"", 'RestaurantsTakeOut': 'True'}",cqIPDUx8rB2LGN8Ea4F0Tw,"Food, Coffee & Tea",Toronto,,1,43.7060086,-79.3893395,Starbucks,M4S 2N2,13,4.0,ON
17 Leslie Street,"{'GoodForMeal': ""{'dessert': False, 'latenight': False, 'lunch': False, 'dinner': False, 'brunch': False, 'breakfast': False}"", 'RestaurantsGoodForGroups': 'True', 'RestaurantsAttire': ""'casual'"", 'RestaurantsReservations': 'False', 'BikeParking': 'True', 'HasTV': 'False', 'Caters': 'False', 'WiFi': ""'free'"", 'BusinessParking': ""{'garage': False, 'street': False, 'validated': False, 'lot': True, 'valet': False}"", 'RestaurantsPriceRange2': '2', 'RestaurantsTakeOut': 'True', 'OutdoorSeating': 'True', 'GoodForKids': 'True', 'RestaurantsDelivery': 'False'}",MdxMiFVRKvYdbna9oUEPZg,"Food, Cafes, Restaurants, Coffee & Tea",Toronto,"{'Monday': '5:0-23:0', 'Tuesday': '5:0-23:0', 'Wednesday': '5:0-23:0', 'Thursday': '5:0-23:0', 'Friday': '5:0-23:0', 'Saturday': '5:0-23:0', 'Sunday': '5:0-23:0'}",1,43.6596436799,-79.3283003569,Starbucks,M4M 3H9,16,4.0,ON
209 Victoria St,"{'BusinessParking': ""{'garage': False, 'street': False, 'validated': False, 'lot': False, 'valet': False}"", 'OutdoorSeating': 'False', 'RestaurantsPriceRange2': '3', 'WiFi': ""u'free'""}",66Wk7BHkijZKQmrOnupzhg,"Food, Coffee & Tea",Toronto,,1,43.6546069,-79.3788631,Starbucks,M5B 1C6,3,2.5,ON
208 Queens Quay W,"{'WiFi': ""'free'"", 'RestaurantsPriceRange2': '2', 'OutdoorSeating': 'True', 'BikeParking': 'True', 'BusinessParking': ""{'garage': False, 'street': True, 'validated': False, 'lot': False, 'valet': False}"", 'RestaurantsTakeOut': 'True'}",oL81LdbgGciQZWz-I3SkAg,"Food, Coffee & Tea",Toronto,"{'Monday': '6:0-22:0', 'Tuesday': '6:0-22:0', 'Wednesday': '6:0-22:0', 'Thursday': '6:0-22:0', 'Friday': '6:0-22:0', 'Saturday': '7:0-22:0', 'Sunday': '7:0-22:0'}",1,43.640265,-79.381742,Starbucks,M5J 2Y5,25,3.5,ON
"150 Bloor Street W, Unit 3","{'OutdoorSeating': 'True', 'BusinessParking': ""{'garage': False, 'street': False, 'validated': False, 'lot': False, 'valet': False}"", 'RestaurantsTakeOut': 'True', 'WiFi': ""u'free'"", 'RestaurantsPriceRange2': '1', 'Caters': 'False', 'BikeParking': 'True'}",N6t4pCiqKCHaoaP7qTKEbQ,"Coffee & Tea, Food",Toronto,"{'Monday': '6:0-21:0', 'Tuesday': '6:0-21:0', 'Wednesday': '6:0-21:0', 'Thursday': '6:0-21:0', 'Friday': '6:0-21:0', 'Saturday': '6:30-21:0', 'Sunday': '7:0-20:0'}",1,43.6693596184,-79.3937527326,Starbucks,M5S 2X9,5,2.5,ON
"2 Ossington Avenue, Unit 1","{'BikeParking': 'True', 'OutdoorSeating': 'False', 'RestaurantsPriceRange2': '2', 'WiFi': ""'free'"", 'BusinessParking': ""{'garage': False, 'street': False, 'validated': False, 'lot': False, 'valet': False}"", 'DogsAllowed': 'False', 'RestaurantsTakeOut': 'True', 'Caters': 'False'}",43JefNxxv-XsKv9GvBselw,"Food, Coffee & Tea",Toronto,"{'Monday': '6:0-9:0', 'Tuesday': '6:0-9:0', 'Wednesday': '6:0-9:0', 'Thursday': '6:0-9:0', 'Friday': '6:0-22:0', 'Saturday': '7:0-21:0', 'Sunday': '6:0-9:0'}",1,43.6442764052,-79.4190879675,Starbucks,M6J 2Y8,13,3.5,ON
5230 Dundas Street W,"{'BusinessParking': ""{'garage': False, 'street': False, 'validated': False, 'lot': True, 'valet': False}"", 'WiFi': ""u'free'"", 'RestaurantsPriceRange2': '2', 'RestaurantsTakeOut': 'True', 'BikeParking': 'True', 'OutdoorSeating': 'True'}",yfMY_eqBuPrNQU1leOsqXQ,"Coffee & Tea, Food",Toronto,"{'Monday': '5:0-23:0', 'Tuesday': '5:0-23:0', 'Wednesday': '5:0-23:0', 'Thursday': '5:0-23:0', 'Friday': '5:0-23:0', 'Saturday': '5:30-23:0', 'Sunday': '6:0-22:30'}",1,43.63962,-79.537538,Starbucks,M9B 1A8,11,3.0,ON
30 Carlton Street,"{'HasTV': 'False', 'Alcohol': ""u'none'"", 'BikeParking': 'True', 'OutdoorSeating': 'False', 'RestaurantsAttire': ""u'casual'"", 'Caters': 'False', 'GoodForKids': 'False', 'Ambience': ""{'romantic': False, 'intimate': False, 'classy': False, 'hipster': False, 'divey': False, 'touristy': False, 'trendy': False, 'upscale': False, 'casual': False}"", 'RestaurantsPriceRange2': '2', 'RestaurantsDelivery': 'False', 'RestaurantsGoodForGroups': 'True', 'BusinessParking': ""{'garage': False, 'street': True, 'validated': False, 'lot': False, 'valet': False}"", 'NoiseLevel': ""u'average'"", 'WiFi': ""u'free'"", 'RestaurantsReservations': 'False', 'RestaurantsTakeOut': 'True'}",uWbmDMJcuxVgryNihVx3rw,"Cafes, Restaurants, Coffee & Tea, Food",Toronto,"{'Monday': '6:0-23:0', 'Tuesday': '6:0-23:0', 'Wednesday': '6:0-23:0', 'Thursday': '6:0-23:0', 'Friday': '6:0-23:0', 'Saturday': '6:0-23:0', 'Sunday': '6:0-23:0'}",1,43.6617128956,-79.3811039999,Starbucks,M5B 2A1,12,3.5,ON
75 Billy Bishop Way,"{'BusinessParking': ""{'garage': False, 'street': False, 'validated': False, 'lot': True, 'valet': False}""}",EkZknK3BV4p57GsjVBF5JQ,"Cafes, Food, Coffee Roasteries, Restaurants, Coffee & Tea",Toronto,"{'Monday': '5:30-21:30', 'Tuesday': '5:30-21:30', 'Wednesday': '5:30-21:30', 'Thursday': '5:30-21:30', 'Friday': '5:30-21:30', 'Saturday': '7:0-21:0', 'Sunday': '7:0-21:0'}",1,43.732335,-79.451854,Starbucks,M3K 2C8,3,2.5,ON
2 Bloor St E,"{'BikeParking': 'True', 'RestaurantsPriceRange2': '1', 'WiFi': ""u'free'"", 'OutdoorSeating': 'False', 'RestaurantsTakeOut': 'True', 'BusinessParking': ""{'garage': False, 'street': False, 'validated': False, 'lot': False, 'valet': False}""}",qlrjWbPQecLK48P9PIthow,"Coffee & Tea, Food",Toronto,,1,43.6710978,-79.386063,Starbucks,M4W 1A8,14,3.5,ON
"1750 The Queensway, Unit 4","{'BusinessParking': ""{'garage': False, 'street': False, 'validated': False, 'lot': False, 'valet': False}""}",1vekV68tDhgQAJ_GyMgKcw,"Food, Coffee & Tea",Toronto,"{'Monday': '6:0-21:0', 'Tuesday': '6:0-21:0', 'Wednesday': '6:0-21:0', 'Thursday': '6:0-21:0', 'Friday': '6:0-20:0', 'Saturday': '7:0-20:0', 'Sunday': '8:0-20:0'}",1,43.6152064,-79.5574464,Starbucks,M9C 5H5,3,3.5,ON
657 Dupont Street,"{'WiFi': ""u'free'"", 'GoodForKids': 'True', 'HasTV': 'False', 'NoiseLevel': ""u'quiet'"", 'BikeParking': 'True', 'RestaurantsReservations': 'False', 'RestaurantsDelivery': 'False', 'Ambience': ""{'romantic': False, 'intimate': False, 'classy': False, 'hipster': False, 'divey': False, 'touristy': False, 'trendy': False, 'upscale': False, 'casual': False}"", 'Alcohol': ""u'none'"", 'Caters': 'False', 'RestaurantsAttire': ""u'casual'"", 'RestaurantsTakeOut': 'True', 'RestaurantsPriceRange2': '2', 'RestaurantsGoodForGroups': 'True', 'OutdoorSeating': 'True', 'BusinessParking': ""{'garage': False, 'street': True, 'validated': False, 'lot': True, 'valet': False}""}",sZjy5U0AEXr7r2PZPi5rMQ,"Restaurants, Cafes, Coffee & Tea, Food",Toronto,"{'Monday': '6:0-20:0', 'Tuesday': '6:0-20:0', 'Wednesday': '6:0-20:0', 'Thursday': '6:0-20:0', 'Friday': '6:0-20:0', 'Saturday': '6:0-20:0', 'Sunday': '7:0-20:0'}",1,43.6715191,-79.4213106,Starbucks,M6G 1Z4,16,4.0,ON
65 Wicksteed Avenue,"{'RestaurantsGoodForGroups': 'False', 'RestaurantsReservations': 'False', 'RestaurantsDelivery': 'False', 'BusinessParking': ""{'garage': False, 'street': False, 'validated': False, 'lot': True, 'valet': False}"", 'BikeParking': 'True', 'Caters': 'False', 'RestaurantsTakeOut': 'True', 'RestaurantsPriceRange2': '2', 'OutdoorSeating': 'True', 'WiFi': ""'free'""}",PRkTf9F0XQ8AD1sZI0irsw,"Coffee & Tea, Food",Toronto,"{'Monday': '6:0-22:0', 'Tuesday': '6:0-22:0', 'Wednesday': '6:0-22:0', 'Thursday': '6:0-22:0', 'Friday': '6:0-22:0', 'Saturday': '6:0-22:0', 'Sunday': '6:0-22:0'}",1,43.7107417,-79.3606806,Starbucks,M4G 4H9,5,3.0,ON
1417 Danforth  Avenue,"{'BikeParking': 'True', 'RestaurantsPriceRange2': '2', 'BusinessParking': ""{'garage': False, 'street': False, 'validated': False, 'lot': False, 'valet': False}"", 'RestaurantsTakeOut': 'True', 'OutdoorSeating': 'False', 'WiFi': ""u'free'""}",TrBwrc6P_W_XTsphbvuk9g,"Restaurants, Food, Coffee & Tea, Cafes, Breakfast & Brunch",Toronto,"{'Monday': '6:0-21:30', 'Tuesday': '6:0-21:30', 'Wednesday': '6:0-21:30', 'Thursday': '6:0-21:30', 'Friday': '6:0-21:30', 'Saturday': '7:0-21:30', 'Sunday': '7:0-21:30'}",1,43.6823562742,-79.3272378668,Starbucks,M5E 1T3,8,4.0,ON
"62-66 Overlea Boulvard, Building C-2, Units C5 & C6","{'OutdoorSeating': 'True', 'BusinessParking': ""{'garage': False, 'street': False, 'validated': False, 'lot': True, 'valet': False}""}",NSgXXlbTOwNFNO_juNXP6w,"Coffee & Tea, Food, Coffee & Tea Supplies",Toronto,"{'Monday': '6:0-21:0', 'Tuesday': '6:0-21:0', 'Wednesday': '6:0-21:0', 'Thursday': '6:0-21:0', 'Friday': '6:0-21:0', 'Saturday': '6:0-21:0', 'Sunday': '6:0-21:0'}",1,43.7079947469,-79.3426615185,Starbucks,M4H 1C4,3,4.5,ON
"2193 Yonge St, Unit Space C","{'WiFi': ""u'free'"", 'BikeParking': 'True', 'RestaurantsPriceRange2': '2', 'BusinessParking': ""{'garage': False, 'street': False, 'validated': False, 'lot': False, 'valet': False}"", 'OutdoorSeating': 'True', 'Alcohol': ""'none'"", 'Caters': 'False', 'RestaurantsDelivery': 'False', 'BusinessAcceptsCreditCards': 'True', 'RestaurantsTakeOut': 'True'}",QuoEIR46OGdC_z1Axwd2gA,"Food, Coffee & Tea",Toronto,,1,43.7055634,-79.3976309,Starbucks,M4R 2H1,14,3.5,ON
"1320 Castlefield Avenue, Building D","{'RestaurantsPriceRange2': '2', 'Caters': 'False', 'WiFi': ""'free'"", 'OutdoorSeating': 'False', 'BusinessAcceptsCreditCards': 'True', 'BikeParking': 'True', 'BusinessParking': ""{'garage': False, 'street': False, 'validated': False, 'lot': False, 'valet': False}"", 'RestaurantsTakeOut': 'True'}",k6mO6XUiWs3jPnWbxADUzw,"Food, Coffee & Tea",Toronto,"{'Monday': '6:0-22:0', 'Tuesday': '6:0-22:0', 'Wednesday': '6:0-22:0', 'Thursday': '6:0-22:0', 'Friday': '6:0-0:0', 'Saturday': '6:0-0:0', 'Sunday': '7:0-21:0'}",1,43.6986585571,-79.4623017085,Starbucks,M6B 4B3,6,1.5,ON
941 College St,"{'RestaurantsPriceRange2': '2', 'BusinessParking': ""{'garage': False, 'street': False, 'validated': False, 'lot': False, 'valet': False}"", 'WiFi': ""u'free'"", 'OutdoorSeating': 'True', 'RestaurantsTakeOut': 'True', 'BikeParking': 'True'}",LMH6FC-NniQ1uSnkabk9EA,"Food, Coffee & Tea",Toronto,,1,43.6534117,-79.4265265,Starbucks,M6H 1A6,15,3.5,ON
3077 Dundas Street W,"{'OutdoorSeating': 'True', 'BusinessParking': ""{'garage': False, 'street': True, 'validated': False, 'lot': False, 'valet': False}"", 'WiFi': ""u'free'"", 'RestaurantsTakeOut': 'True', 'DogsAllowed': 'False', 'BikeParking': 'True', 'RestaurantsPriceRange2': '2', 'ByAppointmentOnly': 'False', 'GoodForKids': 'True', 'NoiseLevel': ""u'average'""}",w3ckOUmuwo3uVAVepugaqA,"Coffee & Tea, Food",Toronto,"{'Monday': '6:0-22:0', 'Tuesday': '6:0-22:0', 'Wednesday': '6:0-22:0', 'Thursday': '6:0-22:0', 'Friday': '6:0-22:0', 'Saturday': '6:30-22:0', 'Sunday': '7:0-21:30'}",1,43.6653256,-79.4718606,Starbucks,M6P 1Z7,28,3.0,ON
6355 Yonge Street,"{'OutdoorSeating': 'True', 'RestaurantsPriceRange2': '2', 'BikeParking': 'True', 'Caters': 'False', 'WiFi': ""'free'"", 'BusinessParking': ""{'garage': False, 'street': False, 'validated': False, 'lot': True, 'valet': False}"", 'RestaurantsTakeOut': 'True'}",LQ9WorDtNJXeEfA7GWIXTA,"Food, Coffee & Tea",Toronto,"{'Monday': '6:0-22:0', 'Tuesday': '6:0-22:0', 'Wednesday': '6:0-22:0', 'Thursday': '6:0-22:0', 'Friday': '6:0-23:0', 'Saturday': '6:0-23:0', 'Sunday': '6:0-22:0'}",1,43.796682579,-79.4194049388,Starbucks,M2M 4J8,22,3.0,ON
1100 Ellesmere Road,"{'RestaurantsPriceRange2': '2', 'WiFi': ""'free'"", 'OutdoorSeating': 'True', 'BikeParking': 'False', 'NoiseLevel': ""u'average'"", 'ByAppointmentOnly': 'False', 'GoodForKids': 'True', 'RestaurantsDelivery': 'False', 'DogsAllowed': 'False', 'BusinessParking': ""{'garage': False, 'street': False, 'validated': False, 'lot': True, 'valet': False}"", 'RestaurantsTakeOut': 'True'}",c1iPLYFYTjPTqIsjpBXc-A,"Food, Coffee & Tea, Bakeries",Toronto,"{'Monday': '5:30-22:0', 'Tuesday': '5:30-22:0', 'Wednesday': '5:30-22:0', 'Thursday': '5:30-22:0', 'Friday': '5:30-22:0', 'Saturday': '6:30-22:0', 'Sunday': '6:30-22:0'}",1,43.7683519042,-79.2717912421,Starbucks,M1P 2X4,10,4.5,ON
637 Kingston Road,"{'OutdoorSeating': 'True', 'BusinessParking': ""{'garage': False, 'street': True, 'validated': False, 'lot': False, 'valet': False}"", 'RestaurantsPriceRange2': '3', 'WiFi': ""u'free'"", 'BikeParking': 'True'}",YmluvmfqkfE8tZ33fpKGWw,"Food, Coffee & Tea",Toronto,"{'Monday': '6:0-21:0', 'Tuesday': '6:0-21:0', 'Wednesday': '6:0-21:0', 'Thursday': '6:0-21:0', 'Friday': '6:0-21:0', 'Saturday': '6:0-20:0', 'Sunday': '7:0-20:0'}",0,43.67877,-79.298078,Starbucks,M4E 1R3,4,5.0,ON
50 Bloor Street W,"{'RestaurantsPriceRange2': '2', 'RestaurantsTakeOut': 'True', 'BikeParking': 'False', 'OutdoorSeating': 'False', 'WiFi': ""u'free'""}",o2811xZ0ufRi7WcsqWiGzw,"Coffee & Tea, Food",Toronto,"{'Monday': '6:0-7:0', 'Tuesday': '6:0-7:0', 'Wednesday': '6:0-7:0', 'Thursday': '6:0-7:0', 'Friday': '6:0-7:30', 'Saturday': '8:30-17:30', 'Sunday': '11:0-18:0'}",1,43.670098411,-79.3881984229,Starbucks,M4W 3L8,4,4.0,ON
1909 Yonge St,"{'OutdoorSeating': 'True', 'Ambience': ""{'romantic': False, 'intimate': False, 'classy': False, 'hipster': False, 'divey': False, 'touristy': False, 'trendy': False, 'upscale': False, 'casual': False}"", 'BikeParking': 'True', 'HasTV': 'False', 'RestaurantsTakeOut': 'True', 'RestaurantsPriceRange2': '2', 'GoodForKids': 'True', 'RestaurantsReservations': 'False', 'RestaurantsGoodForGroups': 'False', 'BusinessParking': ""{'garage': False, 'street': False, 'validated': False, 'lot': False, 'valet': False}"", 'RestaurantsAttire': ""u'casual'"", 'RestaurantsDelivery': 'False', 'WiFi': ""'free'""}",g_DMGVhMJOWmFJ127XpT1g,"Cafes, Restaurants, Coffee & Tea, Food",Toronto,,1,43.6984912,-79.3963836,Starbucks,M4S 1Z3,8,3.0,ON
"123 Front Street W, Unit 1","{'BikeParking': 'True', 'OutdoorSeating': 'True', 'RestaurantsPriceRange2': '1', 'WiFi': ""u'free'"", 'RestaurantsAttire': ""'casual'"", 'BusinessParking': ""{'garage': False, 'street': False, 'validated': False, 'lot': False, 'valet': False}"", 'ByAppointmentOnly': 'False', 'HasTV': 'False', 'RestaurantsReservations': 'False', 'GoodForKids': 'False', 'RestaurantsGoodForGroups': 'True', 'NoiseLevel': ""'average'"", 'RestaurantsDelivery': 'False', 'Caters': 'False', 'RestaurantsTakeOut': 'True', 'Ambience': ""{'romantic': False, 'intimate': False, 'classy': False, 'hipster': False, 'divey': False, 'touristy': False, 'trendy': False, 'upscale': False, 'casual': False}""}",qpum_dXomddWLPKTZ5tPkg,"Cafes, Restaurants, Food, Coffee & Tea",Toronto,"{'Monday': '9:0-21:0', 'Tuesday': '9:0-21:0', 'Wednesday': '9:0-21:0', 'Thursday': '9:0-21:0', 'Friday': '9:0-21:0', 'Saturday': '8:0-20:0', 'Sunday': '8:0-20:0'}",1,43.6449092206,-79.3834550735,Starbucks,M5J 2M2,18,3.5,ON
4926 Bathurst Street,"{'NoiseLevel': ""u'average'"", 'RestaurantsDelivery': 'False', 'HasTV': 'False', 'Alcohol': ""u'none'"", 'Ambience': ""{'romantic': False, 'intimate': False, 'classy': False, 'hipster': False, 'divey': False, 'touristy': False, 'trendy': False, 'upscale': False, 'casual': False}"", 'BusinessParking': ""{'garage': False, 'street': False, 'validated': False, 'lot': True, 'valet': False}"", 'Caters': 'False', 'RestaurantsPriceRange2': '1', 'RestaurantsGoodForGroups': 'True', 'WiFi': ""u'free'"", 'RestaurantsReservations': 'False', 'BikeParking': 'True', 'RestaurantsTakeOut': 'True', 'GoodForKids': 'True', 'RestaurantsAttire': ""u'casual'"", 'OutdoorSeating': 'False'}",8eWFZXk0Fjj2VxcbbG3NDw,"Restaurants, Cafes, Food, Coffee & Tea",Toronto,,0,43.7735419437,-79.443372488,Starbucks,M2R 1X6,3,4.5,ON
3252 Yonge Street,"{'NoiseLevel': ""u'quiet'"", 'Caters': 'False', 'Alcohol': ""'none'"", 'HasTV': 'False', 'OutdoorSeating': 'True', 'GoodForKids': 'True', 'RestaurantsPriceRange2': '2', 'Ambience': ""{'romantic': False, 'intimate': False, 'classy': False, 'hipster': False, 'divey': False, 'touristy': False, 'trendy': False, 'upscale': False, 'casual': False}"", 'RestaurantsTakeOut': 'True', 'RestaurantsReservations': 'False', 'BusinessParking': ""{'garage': False, 'street': False, 'validated': False, 'lot': False, 'valet': False}"", 'BikeParking': 'True', 'RestaurantsGoodForGroups': 'True', 'RestaurantsAttire': ""'casual'"", 'WiFi': ""u'free'""}",1-Z6tVozu4v1JHzlg8x4kA,"Restaurants, Food, Coffee & Tea, Cafes",Toronto,"{'Monday': '6:0-22:0', 'Tuesday': '6:0-22:0', 'Wednesday': '6:0-22:0', 'Thursday': '6:0-22:0', 'Friday': '6:0-22:0', 'Saturday': '6:0-22:0', 'Sunday': '6:0-21:30'}",1,43.7297304,-79.4037685,Starbucks,M4N 2L4,5,2.5,ON
373 King Street W,"{'RestaurantsPriceRange2': '2', 'OutdoorSeating': 'False', 'WiFi': ""u'free'"", 'RestaurantsTakeOut': 'True', 'BusinessParking': ""{'garage': False, 'street': False, 'validated': False, 'lot': False, 'valet': False}"", 'Caters': 'False', 'BikeParking': 'True'}",zOMR5CsyC-LrLSFDgwrcyQ,"Coffee & Tea, Food",Toronto,"{'Monday': '6:30-20:30', 'Tuesday': '6:30-20:30', 'Wednesday': '6:30-20:30', 'Thursday': '6:30-20:30', 'Friday': '6:30-20:30', 'Saturday': '7:0-20:30', 'Sunday': '7:30-20:30'}",1,43.6458685168,-79.3929583579,Starbucks,M5V 1J6,5,4.0,ON
3300 Bloor Street W,"{'RestaurantsPriceRange2': '1', 'RestaurantsTakeOut': 'True', 'OutdoorSeating': 'False', 'BusinessParking': ""{'garage': False, 'street': False, 'validated': False, 'lot': False, 'valet': False}"", 'WiFi': ""'free'"", 'BikeParking': 'True'}",0rg8sJGPWebnxNFExpNdHA,"Coffee & Tea, Food",Toronto,"{'Monday': '5:30-20:0', 'Tuesday': '5:30-20:0', 'Wednesday': '5:30-20:0', 'Thursday': '5:30-20:0', 'Friday': '5:30-20:0', 'Saturday': '7:0-17:0', 'Sunday': '9:0-17:0'}",1,43.6451848,-79.5224953,Starbucks,M8X 2X3,3,2.5,ON
65 Dundas Street W,"{'WiFi': ""'free'"", 'BikeParking': 'True', 'RestaurantsPriceRange2': '2', 'BusinessParking': ""{'garage': False, 'street': False, 'validated': False, 'lot': False, 'valet': False}"", 'OutdoorSeating': 'False', 'RestaurantsTakeOut': 'True'}",s7Cq3DdSELAU_IFYXOnicg,"Coffee & Tea, Food",Toronto,"{'Monday': '6:0-22:0', 'Tuesday': '6:0-22:0', 'Wednesday': '6:0-22:0', 'Thursday': '6:0-22:0', 'Friday': '6:0-22:0', 'Saturday': '8:0-21:0', 'Sunday': '8:0-21:0'}",1,43.6557894205,-79.3829541717,Starbucks,M5G 2C5,8,2.5,ON
85 Hanna Avenue,"{'WiFi': ""u'free'"", 'RestaurantsPriceRange2': '2', 'BikeParking': 'True', 'OutdoorSeating': 'True', 'BusinessParking': ""{'garage': False, 'street': True, 'validated': False, 'lot': False, 'valet': False}"", 'DogsAllowed': 'False', 'Caters': 'True', 'RestaurantsTakeOut': 'True', 'GoodForKids': 'True'}",lHYiCS-y8AFjUitv6MGpxg,"Food, Coffee & Tea",Toronto,"{'Monday': '5:30-22:0', 'Tuesday': '5:30-22:0', 'Wednesday': '5:30-22:0', 'Thursday': '5:30-22:0', 'Friday': '5:30-22:0', 'Saturday': '6:30-22:0', 'Sunday': '6:30-22:0'}",1,43.6398633116,-79.4195331865,Starbucks,M6K 3S3,23,3.5,ON
130 Saint George Street,"{'OutdoorSeating': 'True', 'BusinessParking': ""{'garage': False, 'street': False, 'validated': False, 'lot': False, 'valet': False}"", 'WiFi': ""u'free'"", 'RestaurantsPriceRange2': '2', 'BikeParking': 'True'}",Gw-czbovLneqikIGSmjOCA,"Food, Coffee & Tea",Toronto,"{'Monday': '8:0-22:0', 'Tuesday': '8:0-22:0', 'Wednesday': '8:0-22:0', 'Thursday': '8:0-22:0', 'Friday': '8:0-17:0', 'Saturday': '9:0-17:0', 'Sunday': '13:0-18:0'}",1,43.6644455049,-79.3993704053,Starbucks,M5S 1A5,13,2.0,ON
765 Yonge Street,"{'WiFi': ""u'free'"", 'RestaurantsPriceRange2': '2', 'OutdoorSeating': 'False', 'BikeParking': 'True', 'Caters': 'False', 'BusinessParking': ""{'garage': False, 'street': False, 'validated': False, 'lot': False, 'valet': False}"", 'RestaurantsTakeOut': 'True', 'WheelchairAccessible': 'True'}",DCKp_WVJ2VCtzUamsMavuA,"Coffee & Tea, Food",Toronto,"{'Monday': '5:30-23:0', 'Tuesday': '5:30-23:0', 'Wednesday': '5:30-23:0', 'Thursday': '5:30-23:0', 'Friday': '5:30-23:0', 'Saturday': '6:0-22:0', 'Sunday': '6:0-22:0'}",1,43.6710543,-79.386768,Starbucks,M4W 3E2,40,3.5,ON
542 College Street,"{'BikeParking': 'True', 'OutdoorSeating': 'True', 'RestaurantsPriceRange2': '2', 'WiFi': ""'free'"", 'BusinessParking': ""{'garage': False, 'street': True, 'validated': False, 'lot': False, 'valet': False}"", 'Caters': 'False', 'RestaurantsTakeOut': 'True'}",Sfzr0Nb2T6mg9EyrFD9RaQ,"Coffee & Tea, Food",Toronto,"{'Monday': '6:0-23:0', 'Tuesday': '6:0-23:0', 'Wednesday': '6:0-23:0', 'Thursday': '6:0-23:0', 'Friday': '6:0-23:0', 'Saturday': '6:0-23:0', 'Sunday': '6:0-23:0'}",0,43.6558373,-79.4116214,Starbucks,M6G 1B1,17,3.0,ON
"10 Lower Spadina Avenue, Suite 101","{'RestaurantsTakeOut': 'True', 'BikeParking': 'False', 'WiFi': ""'free'"", 'RestaurantsPriceRange2': '1', 'BusinessParking': ""{'garage': False, 'street': False, 'validated': False, 'lot': False, 'valet': False}"", 'OutdoorSeating': 'True'}",v9lgBpntXoaJJxEwuadBsQ,"Food, Restaurants, Breakfast & Brunch, Coffee & Tea",Toronto,"{'Monday': '6:0-21:0', 'Tuesday': '6:0-21:0', 'Wednesday': '6:0-21:0', 'Thursday': '6:0-21:0', 'Friday': '6:0-21:0', 'Saturday': '9:0-21:0', 'Sunday': '7:0-21:0'}",1,43.6377684512,-79.3922645786,Starbucks,M5V 2Z2,8,3.0,ON
450 Yonge Street,"{'WiFi': ""u'free'"", 'BikeParking': 'True', 'OutdoorSeating': 'False', 'RestaurantsTakeOut': 'True', 'Caters': 'False', 'RestaurantsPriceRange2': '2', 'BusinessParking': ""{'garage': False, 'street': False, 'validated': False, 'lot': False, 'valet': False}"", 'BusinessAcceptsCreditCards': 'True'}",ZlPvWzmKxrp1I5ZHW8LJfA,"Coffee & Tea, Food",Toronto,"{'Monday': '5:0-0:30', 'Tuesday': '5:0-0:30', 'Wednesday': '5:0-0:30', 'Thursday': '5:0-0:30', 'Friday': '5:0-0:30', 'Saturday': '5:30-1:0', 'Sunday': '5:30-0:0'}",1,43.6615051508,-79.3833141455,Starbucks,M4Y 1X1,29,3.0,ON
39 Eglinton Avenue E,"{'BusinessParking': ""{'garage': False, 'street': True, 'validated': False, 'lot': False, 'valet': False}"", 'WiFi': ""u'free'"", 'BikeParking': 'True', 'RestaurantsPriceRange2': '2', 'OutdoorSeating': 'True'}",HE0nhHxUt8fmQ5qTnuU2_w,"Coffee & Tea, Food",Toronto,"{'Monday': '6:0-22:0', 'Tuesday': '6:0-22:0', 'Wednesday': '6:0-22:0', 'Thursday': '6:0-22:0', 'Friday': '6:0-22:0', 'Saturday': '6:30-22:30', 'Sunday': '6:30-22:0'}",1,43.706859,-79.3969504,Starbucks,M4P 1A2,12,3.5,ON
492 Parliament Street,"{'WiFi': ""u'free'"", 'RestaurantsPriceRange2': '2', 'BusinessParking': ""{'garage': False, 'street': False, 'validated': False, 'lot': False, 'valet': False}"", 'RestaurantsDelivery': 'False', 'BikeParking': 'True', 'RestaurantsTakeOut': 'True', 'Caters': 'True', 'OutdoorSeating': 'True', 'Alcohol': ""'none'""}",KxDT3GVvFYYZABU0uGPh7A,"Coffee & Tea, Food",Toronto,,0,43.6648746,-79.3684892,Starbucks,M4X 1P2,7,3.5,ON
218 Yonge Street,"{'BusinessParking': ""{'garage': False, 'street': False, 'validated': False, 'lot': False, 'valet': False}"", 'RestaurantsDelivery': 'False', 'RestaurantsGoodForGroups': 'False', 'RestaurantsTakeOut': 'True', 'RestaurantsReservations': 'False', 'BikeParking': 'True', 'WiFi': ""u'free'"", 'OutdoorSeating': 'False', 'GoodForKids': 'False', 'RestaurantsPriceRange2': '2'}",ZmYR0WLwgoCXoYEUP-KaDw,"Coffee & Tea, Food",Toronto,,1,43.6535948864,-79.3798502706,Starbucks,M5B 2H1,12,2.5,ON
"338 Adelaide Street W, Unit 2","{'WiFi': ""'free'"", 'RestaurantsTakeOut': 'True', 'BikeParking': 'True', 'RestaurantsPriceRange2': '1', 'BusinessParking': ""{'garage': False, 'street': False, 'validated': False, 'lot': False, 'valet': False}"", 'OutdoorSeating': 'False'}",JE8FVuAJgoPVwou6NzYe3g,"Coffee & Tea, Food, Bagels, Desserts",Toronto,"{'Monday': '6:0-21:0', 'Tuesday': '6:0-21:0', 'Wednesday': '6:0-21:0', 'Thursday': '6:0-21:0', 'Friday': '6:0-21:0', 'Saturday': '7:0-21:0', 'Sunday': '7:0-21:0'}",1,43.6474968,-79.392644,Starbucks,M5V,8,4.0,ON
155 University Avenue,"{'WiFi': ""'free'"", 'OutdoorSeating': 'True', 'BikeParking': 'True', 'RestaurantsPriceRange2': '1', 'BusinessParking': ""{'garage': False, 'street': False, 'validated': False, 'lot': False, 'valet': False}""}",AkCnyE82v7Bmt4lxSgOY-A,"Food, Coffee & Tea",Toronto,,0,43.648559,-79.3848339,Starbucks,M5H 3B7,3,4.5,ON
438 Richmond Street W,"{'OutdoorSeating': 'True', 'BusinessParking': ""{'garage': False, 'street': False, 'validated': False, 'lot': False, 'valet': False}"", 'RestaurantsPriceRange2': '1', 'RestaurantsTakeOut': 'True', 'BikeParking': 'True', 'WiFi': ""u'free'"", 'Caters': 'True'}",yklSVLflZ02xaoylbjtRjw,"Coffee & Tea, Food",Toronto,"{'Monday': '6:0-21:0', 'Tuesday': '6:0-21:0', 'Wednesday': '6:0-21:0', 'Thursday': '6:0-21:0', 'Friday': '7:0-21:0', 'Saturday': '7:0-21:0', 'Sunday': '6:0-21:0'}",1,43.6479727762,-79.39629207,Starbucks,M5V 3S6,11,3.5,ON
485 Church Street,"{'RestaurantsPriceRange2': '2', 'OutdoorSeating': 'True', 'BusinessParking': ""{'garage': False, 'street': True, 'validated': False, 'lot': False, 'valet': False}"", 'WiFi': ""u'free'"", 'RestaurantsTakeOut': 'True', 'BikeParking': 'True'}",F5_iJtwu4b2_JEryCczvDA,"Coffee & Tea, Food",Toronto,"{'Monday': '5:30-23:0', 'Tuesday': '5:30-23:0', 'Wednesday': '5:30-23:0', 'Thursday': '5:30-23:0', 'Friday': '5:30-23:0', 'Saturday': '6:0-23:0', 'Sunday': '6:0-23:0'}",1,43.6650152,-79.3803778,Starbucks,M4Y 2C6,25,4.0,ON
37 Grosvenor St,"{'OutdoorSeating': 'False', 'WiFi': ""u'free'"", 'BusinessParking': ""{'garage': False, 'street': True, 'validated': False, 'lot': False, 'valet': False}"", 'RestaurantsPriceRange2': '2', 'BikeParking': 'True', 'RestaurantsTakeOut': 'True', 'Caters': 'True'}",3Ht66Q5QqWaazRy30Oi2GQ,"Coffee & Tea, Food",Toronto,,1,43.6624803,-79.3863353,Starbucks,M5S 3K6,9,3.5,ON
55 University Avenue,"{'RestaurantsTakeOut': 'True', 'WiFi': ""u'free'"", 'OutdoorSeating': 'True', 'BusinessParking': ""{'garage': False, 'street': False, 'validated': False, 'lot': False, 'valet': False}"", 'RestaurantsPriceRange2': '1', 'BikeParking': 'True', 'Caters': 'True'}",YcEFxkRQVJdj3UI3DjhA5w,"Coffee & Tea, Desserts, Food",Toronto,"{'Monday': '6:0-20:30', 'Tuesday': '6:0-20:30', 'Wednesday': '6:0-20:30', 'Thursday': '6:0-20:30', 'Friday': '6:0-20:30', 'Saturday': '8:0-20:0', 'Sunday': '8:0-20:0'}",1,43.6467318,-79.3839517,Starbucks,M5J 2H7,16,4.0,ON
2451 Yonge St,"{'BusinessParking': ""{'garage': False, 'street': False, 'validated': False, 'lot': False, 'valet': False}"", 'GoodForKids': 'True', 'HasTV': 'False', 'RestaurantsPriceRange2': '2', 'RestaurantsReservations': 'False', 'RestaurantsGoodForGroups': 'False', 'RestaurantsAttire': ""'casual'"", 'RestaurantsDelivery': 'False', 'RestaurantsTakeOut': 'True', 'BikeParking': 'True', 'WiFi': ""'free'"", 'OutdoorSeating': 'True'}",ZPm0sW2v9sjbwzhm-_ssnQ,"Restaurants, Cafes, Coffee & Tea, Food",Toronto,,1,43.7110157,-79.3990332,Starbucks,M4P 2E7,7,2.5,ON
1 Queen Street E,"{'RestaurantsPriceRange2': '2', 'BikeParking': 'True', 'OutdoorSeating': 'True', 'BusinessParking': ""{'garage': False, 'street': False, 'validated': False, 'lot': False, 'valet': False}"", 'WiFi': ""u'free'"", 'Caters': 'False', 'RestaurantsTakeOut': 'True'}",ofPJI_-wYnt_tPF0rSR0dQ,"Coffee & Tea, Food",Toronto,"{'Monday': '5:30-21:0', 'Tuesday': '5:30-21:0', 'Wednesday': '5:30-21:0', 'Thursday': '5:30-21:0', 'Friday': '5:30-21:0', 'Saturday': '8:0-19:0', 'Sunday': '8:0-19:0'}",1,43.6522724,-79.3788112,Starbucks,M5C 3G5,9,3.5,ON
761 Bay St,"{'BusinessParking': ""{'garage': False, 'street': True, 'validated': False, 'lot': False, 'valet': False}"", 'OutdoorSeating': 'True', 'RestaurantsPriceRange2': '1', 'WiFi': ""u'free'"", 'BikeParking': 'True', 'RestaurantsTakeOut': 'True'}",ZAqRr1-DnfZU6jIYCJ455Q,"Food, Coffee & Tea",Toronto,,0,43.6595671,-79.3848314,Starbucks,M5G 2R2,12,3.0,ON
1156 Kennedy Road,"{'BusinessParking': ""{'garage': False, 'street': False, 'validated': False, 'lot': False, 'valet': False}"", 'RestaurantsTakeOut': 'True', 'Caters': 'False', 'BikeParking': 'False', 'WiFi': ""u'free'"", 'OutdoorSeating': 'True', 'RestaurantsPriceRange2': '2'}",RfRKUfYJq1aW-m2baBApxg,"Coffee & Tea, Food",Toronto,"{'Monday': '6:0-22:0', 'Tuesday': '6:0-22:0', 'Wednesday': '6:0-22:0', 'Thursday': '6:0-22:0', 'Friday': '6:0-23:0', 'Saturday': '7:0-23:0', 'Sunday': '7:0-22:0'}",1,43.7524654,-79.2763646,Starbucks,M1P 2L1,17,3.5,ON
1088 Yonge St,"{'BikeParking': 'True', 'RestaurantsPriceRange2': '1', 'OutdoorSeating': 'True', 'WiFi': ""u'free'"", 'RestaurantsTakeOut': 'True', 'ByAppointmentOnly': 'False', 'Caters': 'False', 'RestaurantsDelivery': 'False', 'BusinessParking': ""{'garage': False, 'street': False, 'validated': False, 'lot': True, 'valet': False}""}",wjLaRqpdjy73o8AOADM1bg,"Food, Coffee & Tea",Toronto,,1,43.6779562,-79.3902854,Starbucks,M4W 2L4,12,4.0,ON
829 The Queensway,"{'OutdoorSeating': 'True', 'RestaurantsTakeOut': 'True', 'BikeParking': 'True', 'BusinessParking': ""{'garage': False, 'street': False, 'validated': False, 'lot': True, 'valet': False}"", 'WiFi': ""'free'"", 'RestaurantsPriceRange2': '1', 'Caters': 'True'}",R8gLXnYYUT2Rr1SxRmZVyg,"Restaurants, Coffee & Tea, Food, Cafes",Toronto,"{'Monday': '5:0-23:0', 'Tuesday': '5:0-23:0', 'Wednesday': '5:0-23:0', 'Thursday': '5:0-23:0', 'Friday': '6:0-23:0', 'Saturday': '6:0-23:0', 'Sunday': '5:0-23:0'}",1,43.6249587292,-79.5079701394,Starbucks,M8Z 1N6,11,3.5,ON
130 King Street W,"{'RestaurantsPriceRange2': '2', 'BusinessParking': ""{'garage': False, 'street': False, 'validated': False, 'lot': False, 'valet': False}"", 'WiFi': ""'free'"", 'RestaurantsTakeOut': 'True', 'BikeParking': 'False', 'Caters': 'False', 'OutdoorSeating': 'True'}",_w78YjNVPBpJMEqHTb3q0g,"Coffee & Tea, Food",Toronto,"{'Monday': '7:0-19:0', 'Tuesday': '5:30-21:0', 'Wednesday': '5:30-21:0', 'Thursday': '5:30-21:0', 'Friday': '5:30-21:0', 'Saturday': '7:0-19:0', 'Sunday': '7:0-19:0'}",1,43.648528,-79.3833359,Starbucks,M5X 1A9,7,4.0,ON
3671 Bathurst St,"{'WiFi': ""'free'"", 'RestaurantsPriceRange2': '2', 'OutdoorSeating': 'True', 'RestaurantsTakeOut': 'True'}",wCM0-gRwgIKBMnKKCTDarQ,"Food, Coffee & Tea",Toronto,,1,43.7339563,-79.4331361,Starbucks,M6A 2E4,4,4.0,ON
"2901 Bayview Avenue, Suite 152","{'WiFi': ""'free'"", 'RestaurantsTakeOut': 'True', 'RestaurantsGoodForGroups': 'False', 'BusinessParking': ""{'garage': False, 'street': False, 'validated': False, 'lot': False, 'valet': False}"", 'RestaurantsPriceRange2': '1', 'BikeParking': 'True', 'OutdoorSeating': 'True'}",vtrtF2hnF9ZeXiJNcAl81g,"Coffee & Tea, Food",Toronto,"{'Monday': '8:0-21:0', 'Tuesday': '8:0-21:0', 'Wednesday': '8:0-21:0', 'Thursday': '8:0-21:0', 'Friday': '8:0-21:30', 'Saturday': '8:0-22:0', 'Sunday': '8:0-21:0'}",1,43.7693810878,-79.3870827007,Starbucks,M2K 1E6,12,2.5,ON
1092 Queen Street W,"{'RestaurantsPriceRange2': '2', 'OutdoorSeating': 'False', 'WiFi': ""'free'"", 'BusinessParking': ""{'garage': False, 'street': False, 'validated': False, 'lot': False, 'valet': False}"", 'BikeParking': 'True'}",Ibnirnlej1gHh9w3vkhNvQ,"Coffee & Tea, Food",Toronto,,0,43.6436195,-79.4225347,Starbucks,M6J 1H9,9,3.0,ON
"2151 St Clair Avenue W, Suite 108","{'BusinessParking': ""{'garage': False, 'street': False, 'validated': False, 'lot': False, 'valet': False}"", 'RestaurantsPriceRange2': '2', 'WiFi': ""'free'"", 'OutdoorSeating': 'True', 'DogsAllowed': 'False', 'BikeParking': 'True', 'RestaurantsTakeOut': 'True'}",HPmQPrWMnPaMDlddiNpkBw,"Coffee & Tea, Food",Toronto,"{'Monday': '6:0-22:30', 'Tuesday': '6:0-22:30', 'Wednesday': '6:0-22:30', 'Thursday': '6:0-22:30', 'Friday': '6:0-22:30', 'Saturday': '6:30-22:30', 'Sunday': '7:0-22:0'}",0,43.6711006222,-79.4732744978,Starbucks,M6N 1K5,8,2.5,ON
687 St Clair Avenue W,"{'RestaurantsPriceRange2': '1', 'WiFi': ""u'free'"", 'OutdoorSeating': 'True', 'BusinessParking': ""{'garage': False, 'street': True, 'validated': False, 'lot': False, 'valet': False}"", 'RestaurantsTakeOut': 'True', 'BikeParking': 'True', 'Caters': 'False'}",GqSsVzoCnGQWx_I3yrey2A,"Food, Coffee & Tea",Toronto,,0,43.6816138,-79.4257086,Starbucks,M6C,8,4.0,ON
250 Queen Street W,"{'WiFi': ""u'free'"", 'BusinessParking': ""{'garage': False, 'street': True, 'validated': False, 'lot': False, 'valet': False}"", 'RestaurantsPriceRange2': '1', 'Caters': 'False', 'OutdoorSeating': 'True', 'RestaurantsTakeOut': 'True', 'DogsAllowed': 'False', 'BikeParking': 'True'}",snFLgArPIv9-QbZZcoJEoQ,"Coffee & Tea, Food",Toronto,"{'Monday': '5:30-23:0', 'Tuesday': '5:30-23:0', 'Wednesday': '5:30-23:0', 'Thursday': '5:30-23:0', 'Friday': '5:30-0:0', 'Saturday': '6:0-0:0', 'Sunday': '6:0-23:0'}",1,43.6500434,-79.3910112,Starbucks,M5V 1Z7,22,2.5,ON
4700 Keele Street,"{'RestaurantsPriceRange2': '2', 'WiFi': ""'no'"", 'BikeParking': 'True', 'RestaurantsTakeOut': 'True', 'BusinessParking': ""{'garage': False, 'street': False, 'validated': False, 'lot': False, 'valet': False}"", 'OutdoorSeating': 'False'}",S_srbyDzijK78-03u5XAZA,"Food, Coffee & Tea",Toronto,"{'Monday': '7:30-21:0', 'Tuesday': '7:30-21:0', 'Wednesday': '7:30-21:0', 'Thursday': '7:30-21:0', 'Friday': '7:30-18:30', 'Saturday': '8:30-15:30', 'Sunday': '9:30-15:0'}",1,43.7726216288,-79.5011833353,Starbucks,M3J 1P3,10,1.5,ON
1062 Gerrard Street E,"{'WiFi': ""u'free'"", 'BikeParking': 'True', 'RestaurantsPriceRange2': '2', 'BusinessParking': ""{'garage': False, 'street': True, 'validated': False, 'lot': False, 'valet': False}"", 'OutdoorSeating': 'True'}",mq39uyLVCwsUyDULr2qi3g,"Food, Coffee & Tea",Toronto,"{'Monday': '6:0-9:0', 'Tuesday': '6:0-21:0', 'Wednesday': '6:0-21:0', 'Thursday': '6:0-21:0', 'Friday': '7:0-21:0', 'Saturday': '7:0-21:0', 'Sunday': '7:0-21:0'}",0,43.6692196,-79.3356473,Starbucks,M4M 1Z6,13,4.0,ON
1228 Saint Clair Avenue W,"{'BusinessParking': ""{'garage': False, 'street': False, 'validated': False, 'lot': False, 'valet': False}"", 'WiFi': ""'free'"", 'RestaurantsTakeOut': 'True', 'BikeParking': 'True', 'OutdoorSeating': 'True', 'RestaurantsPriceRange2': '2'}",6pqs4pa-zUbLJ2vPKCiDOw,"Coffee & Tea, Food",Toronto,"{'Monday': '6:0-22:0', 'Tuesday': '6:0-22:0', 'Wednesday': '6:0-22:0', 'Thursday': '6:0-22:0', 'Friday': '6:0-22:0', 'Saturday': '6:30-22:0', 'Sunday': '7:0-22:0'}",0,43.6770910485,-79.4453907277,Starbucks,M6E 1B7,4,3.0,ON
1020 Kingston Road,"{'OutdoorSeating': 'True', 'RestaurantsPriceRange2': '2', 'BikeParking': 'True', 'WiFi': ""u'free'"", 'RestaurantsTakeOut': 'True', 'Caters': 'False', 'BusinessParking': ""{'garage': False, 'street': False, 'validated': False, 'lot': False, 'valet': False}""}",l8NsRjvc9rsxzqmWA4BLeg,"Coffee & Tea, Food",Toronto,"{'Monday': '6:0-21:0', 'Tuesday': '6:0-21:0', 'Wednesday': '6:0-21:0', 'Thursday': '6:0-21:0', 'Friday': '6:0-21:0', 'Saturday': '6:0-21:0', 'Sunday': '6:30-21:0'}",1,43.6808524667,-79.2849937027,Starbucks,M4E 1T4,10,3.0,ON
220 Yonge St,"{'RestaurantsPriceRange2': '2', 'BikeParking': 'True', 'WiFi': ""u'free'"", 'RestaurantsTakeOut': 'True', 'BusinessParking': ""{'garage': False, 'street': False, 'validated': False, 'lot': False, 'valet': False}"", 'OutdoorSeating': 'True'}",NJX4JknIvjfeVUHMiOfL2w,"Food, Coffee & Tea",Toronto,,1,43.653929,-79.3802132,Starbucks,M5B 2L7,8,3.0,ON
161 Bay Street,"{'BusinessParking': ""{'garage': False, 'street': False, 'validated': False, 'lot': False, 'valet': False}"", 'RestaurantsReservations': 'False', 'ByAppointmentOnly': 'False', 'Caters': 'False', 'RestaurantsPriceRange2': '2', 'Alcohol': ""'none'"", 'HasTV': 'False', 'RestaurantsAttire': ""'casual'"", 'RestaurantsGoodForGroups': 'False', 'GoodForKids': 'True', 'RestaurantsDelivery': 'False', 'BikeParking': 'True', 'RestaurantsTakeOut': 'True', 'BusinessAcceptsCreditCards': 'True', 'WiFi': ""'free'"", 'OutdoorSeating': 'True'}",gf5xG9gz7Qizv0MIyFnbQA,"Cafes, Coffee & Tea, Restaurants, Food",Toronto,"{'Monday': '5:30-18:30', 'Tuesday': '5:30-18:30', 'Wednesday': '5:30-18:30', 'Thursday': '5:30-18:30', 'Friday': '5:30-18:30'}",1,43.6466166,-79.3787611,Starbucks,M5J 2T3,10,3.5,ON
132 Front Street E,"{'BusinessParking': ""{'garage': False, 'street': False, 'validated': False, 'lot': False, 'valet': False}"", 'OutdoorSeating': 'True', 'Caters': 'True', 'RestaurantsTakeOut': 'True', 'WiFi': ""u'free'"", 'Alcohol': ""'none'"", 'ByAppointmentOnly': 'False', 'RestaurantsPriceRange2': '2', 'BikeParking': 'True'}",-yD0mm71HtZZDE9meI9FqA,"Food, Coffee & Tea",Toronto,"{'Monday': '6:0-21:0', 'Tuesday': '6:0-21:0', 'Wednesday': '6:0-21:0', 'Thursday': '6:0-21:0', 'Friday': '6:0-21:0', 'Saturday': '7:0-21:0', 'Sunday': '7:0-21:0'}",0,43.6502432,-79.3696067,Starbucks,M5A 1E3,8,3.5,ON
82 Adelaide Street E,"{'BikeParking': 'True', 'BusinessParking': ""{'garage': False, 'street': False, 'validated': False, 'lot': False, 'valet': False}"", 'WiFi': ""'free'"", 'OutdoorSeating': 'True', 'RestaurantsTakeOut': 'True', 'RestaurantsPriceRange2': '2'}",0_Twd4emsDeKa91azXGoug,"Coffee & Tea, Food",Toronto,,0,43.6513610721,-79.3746749284,Starbucks,M5C 1L7,9,4.0,ON
680 College Street,"{'BusinessParking': ""{'garage': False, 'street': True, 'validated': False, 'lot': False, 'valet': False}"", 'RestaurantsPriceRange2': '2', 'OutdoorSeating': 'True', 'WiFi': ""u'free'"", 'BikeParking': 'True'}",oUEtUOz1ovJ9lqFoRA4aKw,"Coffee & Tea, Food",Toronto,"{'Monday': '6:0-22:0', 'Tuesday': '6:0-22:0', 'Wednesday': '6:0-22:0', 'Thursday': '6:0-23:0', 'Friday': '6:0-23:0', 'Saturday': '6:0-22:0', 'Sunday': '7:0-22:0'}",0,43.6553911,-79.4173272,Starbucks,M6G 1C1,6,4.5,ON
494 Bloor Street W,"{'BikeParking': 'True', 'BusinessParking': ""{'garage': False, 'street': True, 'validated': False, 'lot': False, 'valet': False}"", 'OutdoorSeating': 'True', 'WiFi': ""u'free'"", 'RestaurantsPriceRange2': '2', 'RestaurantsTakeOut': 'True', 'Caters': 'False'}",HVXnt6ZlQ7fAm4fX76N2AQ,"Food, Coffee & Tea",Toronto,"{'Monday': '6:0-23:0', 'Tuesday': '6:0-23:0', 'Wednesday': '6:0-23:0', 'Thursday': '6:0-23:0', 'Friday': '6:0-23:0', 'Saturday': '6:0-23:0', 'Sunday': '7:0-23:0'}",1,43.6656138,-79.4098928,Starbucks,M5S 1X8,21,2.5,ON
2253 Queen Street E,"{'OutdoorSeating': 'True', 'WiFi': ""u'free'"", 'RestaurantsPriceRange2': '1', 'BusinessParking': ""{'garage': False, 'street': False, 'validated': False, 'lot': False, 'valet': False}"", 'BikeParking': 'True', 'RestaurantsTakeOut': 'True'}",WkiC0LzSqabM7SDdE74Nxw,"Coffee & Tea, Food",Toronto,,0,43.6710756,-79.2942655,Starbucks,M4E 1G3,14,3.0,ON
1 King's College Circle,"{'OutdoorSeating': 'False', 'WiFi': ""u'free'"", 'BusinessParking': ""{'garage': False, 'street': False, 'validated': False, 'lot': False, 'valet': False}"", 'RestaurantsPriceRange2': '2', 'Caters': 'True', 'BusinessAcceptsCreditCards': 'True', 'RestaurantsTakeOut': 'True', 'BikeParking': 'True'}",7DhCYZepEWgSoaFay9fzLQ,"Food, Coffee & Tea",Toronto,"{'Monday': '8:0-17:0', 'Tuesday': '8:0-17:0', 'Wednesday': '8:0-17:0', 'Thursday': '8:0-17:0', 'Friday': '8:0-15:0'}",1,43.6606985308,-79.3928813709,Starbucks,M5S,4,3.5,ON
25 York Street,"{'BikeParking': 'True', 'WiFi': ""'free'"", 'BusinessParking': ""{'garage': False, 'street': False, 'validated': False, 'lot': False, 'valet': False}"", 'OutdoorSeating': 'False', 'RestaurantsPriceRange2': '2', 'RestaurantsTakeOut': 'True'}",ntPvD2oyhwD9cpri27H7XQ,"Coffee & Tea, Food, Cafes, Restaurants",Toronto,,1,43.6430549431,-79.3812942598,Starbucks,M5J 2V5,6,3.5,ON
6 Charles St E,"{'BikeParking': 'True', 'OutdoorSeating': 'True', 'RestaurantsPriceRange2': '2', 'RestaurantsTakeOut': 'False', 'BusinessParking': ""{'garage': False, 'street': True, 'validated': False, 'lot': False, 'valet': False}"", 'WiFi': ""u'free'""}",-aoMfFDMmJOgkOT3dacwpg,"Food, Coffee & Tea",Toronto,,0,43.6688543,-79.385725,Starbucks,M4Y 1T2,11,3.0,ON
580-584 Queen Street W,"{'WiFi': ""'free'"", 'OutdoorSeating': 'False', 'RestaurantsPriceRange2': '2', 'BusinessParking': ""{'garage': False, 'street': False, 'validated': False, 'lot': False, 'valet': False}"", 'RestaurantsTakeOut': 'True', 'BikeParking': 'True', 'BusinessAcceptsCreditCards': 'True'}",0a9uFl_rB7vAN__D4KPnNQ,"Food, Coffee & Tea",Toronto,"{'Monday': '6:0-23:0', 'Tuesday': '6:0-23:0', 'Wednesday': '6:0-23:0', 'Thursday': '6:0-23:0', 'Friday': '6:0-0:0', 'Saturday': '7:0-0:0', 'Sunday': '7:0-23:0'}",1,43.647452,-79.40387,Starbucks,M5V 2B7,16,3.5,ON
2630 Yonge Street,"{'BikeParking': 'True', 'WiFi': ""u'free'"", 'OutdoorSeating': 'True', 'RestaurantsPriceRange2': '1', 'RestaurantsTakeOut': 'True', 'BusinessParking': ""{'garage': False, 'street': True, 'validated': False, 'lot': False, 'valet': False}""}",roI_tVLjPh_HUDppr69PaA,"Restaurants, Coffee & Tea, Cafes, Food",Toronto,,1,43.7155358,-79.4005494,Starbucks,M4P 2J5,10,4.0,ON
374 Evans Avenue,"{'OutdoorSeating': 'True', 'RestaurantsPriceRange2': '2', 'WiFi': ""'free'"", 'Caters': 'False', 'BikeParking': 'True', 'RestaurantsTakeOut': 'True', 'BusinessParking': ""{'garage': False, 'street': False, 'validated': False, 'lot': True, 'valet': False}""}",D7nZVc4tm6_-6X6dYBiaHg,"Food, Coffee & Tea",Toronto,"{'Monday': '6:0-22:0', 'Tuesday': '6:0-22:0', 'Wednesday': '6:0-22:0', 'Thursday': '6:0-22:0', 'Friday': '6:0-23:0', 'Saturday': '7:0-23:0', 'Sunday': '7:0-22:0'}",1,43.616252,-79.525664,Starbucks,M8Z 1K6,11,4.0,ON
150 Dundas Street W,"{'RestaurantsTakeOut': 'False', 'WiFi': ""u'free'"", 'BikeParking': 'True', 'RestaurantsPriceRange2': '2', 'Caters': 'True', 'OutdoorSeating': 'True', 'BusinessParking': ""{'garage': None, 'street': True, 'validated': None, 'lot': False, 'valet': False}""}",c3midFhkGjvtvsmVUDzfKw,"Food, Coffee & Tea",Toronto,"{'Monday': '5:30-22:0', 'Tuesday': '5:30-22:0', 'Wednesday': '5:30-22:0', 'Thursday': '5:30-22:0', 'Friday': '5:30-22:0', 'Saturday': '6:0-22:30', 'Sunday': '6:0-22:30'}",1,43.6555883,-79.3854912,Starbucks,M5G 1C6,24,4.0,ON
604 Danforth Ave,"{'GoodForKids': 'True', 'BusinessParking': ""{'garage': False, 'street': False, 'validated': False, 'lot': False, 'valet': False}"", 'RestaurantsTakeOut': 'True', 'WiFi': ""'free'"", 'BikeParking': 'True', 'RestaurantsPriceRange2': '2', 'OutdoorSeating': 'True'}",PxNlfFHLRVGKqpN7-vXBTQ,"Coffee & Tea, Cafes, Restaurants, Food",Toronto,,1,43.6788798,-79.3463577,Starbucks,M4K 1R1,15,3.5,ON
62 Laird Drive,"{'RestaurantsPriceRange2': '2', 'OutdoorSeating': 'True', 'BusinessParking': ""{'garage': False, 'street': False, 'validated': False, 'lot': True, 'valet': False}"", 'WiFi': ""u'free'""}",-BJ0Z28LoETB_ZsdA4Ikeg,"Food, Coffee & Tea",Toronto,"{'Monday': '6:0-21:0', 'Tuesday': '6:0-21:0', 'Wednesday': '6:0-21:0', 'Thursday': '6:0-21:0', 'Friday': '6:0-21:0', 'Saturday': '6:0-21:0', 'Sunday': '6:0-21:0'}",0,43.7047149,-79.3614969,Starbucks,M4G 3V1,4,3.0,ON
1887 Avenue Rd,"{'OutdoorSeating': 'True', 'RestaurantsPriceRange2': '2', 'WiFi': ""u'free'"", 'BikeParking': 'True', 'RestaurantsTakeOut': 'True', 'BusinessParking': ""{'garage': False, 'street': False, 'validated': False, 'lot': False, 'valet': False}""}",3yKjwtny5j_xSrvNVvJlng,"Coffee & Tea, Food",Toronto,"{'Monday': '6:0-21:30', 'Tuesday': '6:0-21:30', 'Wednesday': '6:0-21:30', 'Thursday': '6:0-21:30', 'Friday': '6:0-21:30', 'Saturday': '6:30-21:30', 'Sunday': '6:30-21:0'}",1,43.7325747,-79.4192676,Starbucks,M5M 2K9,6,3.5,ON
65 Front Street W,"{'BusinessParking': ""{'garage': False, 'street': False, 'validated': False, 'lot': False, 'valet': False}"", 'BikeParking': 'True', 'RestaurantsTakeOut': 'True', 'RestaurantsPriceRange2': '2'}",wu5hfsgYg45hncSqpAe2mQ,"Restaurants, Food, Coffee & Tea, Coffee Roasteries, Breakfast & Brunch",Toronto,"{'Monday': '6:0-18:0', 'Tuesday': '6:0-18:0', 'Wednesday': '6:0-18:0', 'Thursday': '6:0-18:0', 'Friday': '6:0-18:0'}",1,43.644679,-79.3818,Starbucks,M5J 1E6,6,3.5,ON
120 Adelaide Street W,"{'RestaurantsPriceRange2': '2', 'BikeParking': 'True', 'WiFi': ""u'free'"", 'OutdoorSeating': 'True', 'Caters': 'True', 'BusinessParking': ""{'garage': False, 'street': False, 'validated': False, 'lot': False, 'valet': False}"", 'RestaurantsTakeOut': 'True'}",MdhVvYRe6lMSzFS41IUlUA,"Coffee & Tea, Food",Toronto,"{'Monday': '5:30-18:30', 'Tuesday': '5:30-18:30', 'Wednesday': '5:30-18:30', 'Thursday': '5:30-18:30', 'Friday': '5:30-18:30'}",1,43.6499286,-79.3832479,Starbucks,M5H 1T1,15,4.0,ON
1 Bedford Road,"{'RestaurantsDelivery': 'False', 'RestaurantsPriceRange2': '2', 'Ambience': ""{'romantic': False, 'intimate': False, 'classy': False, 'hipster': False, 'divey': False, 'touristy': False, 'trendy': False, 'upscale': False, 'casual': False}"", 'WiFi': ""u'free'"", 'RestaurantsTakeOut': 'True', 'GoodForKids': 'True', 'RestaurantsReservations': 'False', 'BikeParking': 'True', 'BusinessParking': ""{'garage': False, 'street': False, 'validated': False, 'lot': True, 'valet': False}"", 'OutdoorSeating': 'True', 'HasTV': 'False', 'Alcohol': ""u'none'"", 'NoiseLevel': ""u'loud'"", 'RestaurantsGoodForGroups': 'True', 'RestaurantsAttire': ""u'casual'"", 'Caters': 'False', 'DogsAllowed': 'False', 'WheelchairAccessible': 'True'}",p80K-OLjJYpIFWu9Ll5fyA,"Coffee & Tea, Restaurants, Cafes, Food",Toronto,"{'Monday': '7:0-21:0', 'Tuesday': '7:0-20:0', 'Wednesday': '5:30-23:0', 'Thursday': '5:30-23:0', 'Friday': '5:30-23:0', 'Saturday': '6:30-23:0', 'Sunday': '6:30-21:30'}",1,43.6686152,-79.3973877,Starbucks,M5R 2J9,24,4.0,ON
407 Yonge Street,"{'RestaurantsPriceRange2': '2', 'Caters': 'False', 'WiFi': ""'free'"", 'RestaurantsTakeOut': 'True', 'OutdoorSeating': 'False', 'BusinessParking': ""{'garage': False, 'street': False, 'validated': False, 'lot': False, 'valet': False}"", 'BikeParking': 'True'}",OEegzVs9Hr0bP96Er_rmsQ,"Coffee & Tea, Food",Toronto,"{'Monday': '6:0-22:0', 'Tuesday': '6:0-22:0', 'Wednesday': '6:0-22:0', 'Thursday': '6:0-22:0', 'Friday': '7:0-22:0', 'Saturday': '7:0-22:30', 'Sunday': '7:0-22:30'}",1,43.6595136,-79.3820822,Starbucks,M5G 2K2,6,3.5,ON
370 King Street W,"{'BikeParking': 'True', 'OutdoorSeating': 'False', 'WiFi': ""u'free'"", 'BusinessParking': ""{'garage': False, 'street': False, 'validated': False, 'lot': False, 'valet': False}"", 'Caters': 'False', 'RestaurantsPriceRange2': '2', 'RestaurantsTakeOut': 'True'}",DVDt2N0-f5O9VWF9f8gKQw,"Coffee & Tea, Food",Toronto,,1,43.6461956163,-79.391858935,Starbucks,M5V 1J9,13,3.0,ON
5 Rosehill Avenue,"{'BusinessParking': ""{'garage': False, 'street': False, 'validated': False, 'lot': False, 'valet': False}"", 'OutdoorSeating': 'True', 'BikeParking': 'True', 'RestaurantsPriceRange2': '2', 'WiFi': ""u'free'""}",NzmJJvTEotNCEduQUcIwBg,"Restaurants, Cafes, Food, Coffee & Tea",Toronto,"{'Monday': '6:0-22:0', 'Tuesday': '6:0-22:0', 'Wednesday': '6:0-22:0', 'Thursday': '6:0-22:0', 'Friday': '6:0-22:0', 'Saturday': '6:30-21:0', 'Sunday': '6:30-21:0'}",1,43.686104807,-79.3929256287,Starbucks,M5V 1Z7,5,3.5,ON
620 Jarvis Street,"{'RestaurantsTakeOut': 'True', 'Alcohol': ""u'none'"", 'RestaurantsReservations': 'False', 'RestaurantsDelivery': 'False', 'WiFi': ""u'free'"", 'RestaurantsGoodForGroups': 'True', 'NoiseLevel': ""u'average'"", 'Caters': 'False', 'Ambience': ""{'romantic': False, 'intimate': False, 'classy': False, 'upscale': False, 'touristy': False, 'trendy': False, 'casual': False}"", 'RestaurantsAttire': ""u'casual'"", 'RestaurantsPriceRange2': '2', 'OutdoorSeating': 'True', 'BikeParking': 'True', 'HasTV': 'False', 'BusinessParking': ""{'garage': False, 'street': True, 'validated': False, 'lot': False, 'valet': False}""}",iuGmYUlID2v41SWJnp5B_g,"Food, Coffee & Tea, Cafes, Restaurants",Toronto,"{'Monday': '5:30-21:30', 'Tuesday': '5:30-21:30', 'Wednesday': '5:30-21:30', 'Thursday': '5:30-21:30', 'Friday': '5:30-21:30', 'Saturday': '7:0-21:0', 'Sunday': '7:0-21:0'}",1,43.6713017641,-79.3806838989,Starbucks,M4Y 2R8,15,3.5,ON
"Indigo, 2300 Yonge Street","{'RestaurantsPriceRange2': '2', 'BusinessParking': ""{'garage': False, 'street': False, 'validated': False, 'lot': False, 'valet': False}"", 'WiFi': ""'free'"", 'BusinessAcceptsCreditCards': 'True', 'RestaurantsDelivery': 'False', 'BikeParking': 'True', 'RestaurantsGoodForGroups': 'False', 'OutdoorSeating': 'False', 'Ambience': ""{'touristy': False, 'hipster': False, 'romantic': False, 'intimate': False, 'trendy': False, 'upscale': False, 'classy': False, 'casual': False}"", 'RestaurantsReservations': 'False', 'RestaurantsTakeOut': 'True', 'RestaurantsAttire': ""'casual'"", 'HasTV': 'True', 'GoodForKids': 'False'}",wTZtGACJS1YxvsbM_3fVJQ,"Cafes, Restaurants, Food",Toronto,"{'Monday': '9:0-22:0', 'Tuesday': '9:0-22:0', 'Wednesday': '9:0-22:0', 'Thursday': '9:0-22:0', 'Friday': '9:0-23:0', 'Saturday': '9:0-23:0', 'Sunday': '10:0-22:0'}",1,43.7072693,-79.3996009,Starbucks,M4P 1E4,6,3.5,ON
Unit 102 145 Richmond Street W,"{'RestaurantsGoodForGroups': 'True', 'RestaurantsPriceRange2': '1', 'GoodForMeal': ""{'dessert': False, 'latenight': False, 'lunch': False, 'dinner': False, 'brunch': False, 'breakfast': False}"", 'RestaurantsDelivery': 'False', 'OutdoorSeating': 'False', 'WiFi': ""'free'"", 'GoodForKids': 'True', 'RestaurantsTakeOut': 'True', 'HasTV': 'True', 'RestaurantsAttire': ""'casual'"", 'Ambience': ""{'touristy': False, 'hipster': False, 'romantic': False, 'intimate': False, 'trendy': False, 'upscale': False, 'classy': False, 'casual': False}"", 'BikeParking': 'False', 'BusinessParking': ""{'garage': False, 'street': False, 'validated': False, 'lot': False, 'valet': False}"", 'RestaurantsReservations': 'False'}",fXYI--HjP8hCfwKfLZfTtg,"Cafes, Desserts, Coffee & Tea, Food, Restaurants",Toronto,,1,43.6496155,-79.3854472,Starbucks,M5H 2L2,3,2.0,ON
1115 Finch Avenue W,"{'RestaurantsPriceRange2': '2', 'BusinessParking': ""{'garage': False, 'street': True, 'validated': False, 'lot': True, 'valet': False}"", 'RestaurantsTakeOut': 'True', 'WiFi': ""'free'"", 'Caters': 'True', 'BikeParking': 'True', 'OutdoorSeating': 'True'}",kN9JRpeG-JRXwSs7YzMwPg,"Food, Cafes, Restaurants, Coffee & Tea",Toronto,"{'Tuesday': '5:30-22:0', 'Wednesday': '5:30-22:0', 'Thursday': '5:30-22:0', 'Friday': '5:30-22:0', 'Saturday': '7:0-21:0', 'Sunday': '7:0-21:0'}",1,43.7662545,-79.476233,Starbucks,M3J 2E5,12,4.5,ON
"900 Dufferin Street, Suite 195","{'OutdoorSeating': 'False', 'RestaurantsTakeOut': 'True', 'WiFi': ""'free'"", 'BusinessParking': ""{'garage': False, 'street': False, 'validated': False, 'lot': False, 'valet': False}"", 'RestaurantsPriceRange2': '1', 'Caters': 'False', 'BikeParking': 'True'}",0gqEQ9CecMXkebI3Q0RCjA,"Food, Coffee & Tea",Toronto,"{'Monday': '8:30-21:30', 'Tuesday': '8:30-21:30', 'Wednesday': '8:30-21:30', 'Thursday': '8:30-21:30', 'Friday': '8:30-21:30', 'Saturday': '8:0-21:30', 'Sunday': '9:30-18:30'}",1,43.6555385131,-79.4358787725,Starbucks,M6H 4A9,4,3.0,ON
1 Adelaide St E,"{'WiFi': ""'free'"", 'RestaurantsPriceRange2': '2', 'RestaurantsTakeOut': 'True', 'OutdoorSeating': 'False', 'BikeParking': 'True', 'Caters': 'False', 'BusinessAcceptsCreditCards': 'True', 'BusinessParking': ""{'garage': True, 'street': False, 'validated': False, 'lot': False, 'valet': False}""}",5XwfpotCAvDzPyAulk_m5A,"Food, Coffee & Tea",Toronto,,1,43.6501613,-79.3777975,Starbucks,M5C 2V9,7,4.0,ON
316 Queen Street W,"{'OutdoorSeating': 'True', 'WiFi': ""'free'"", 'BikeParking': 'True', 'BusinessParking': ""{'garage': True, 'street': False, 'validated': False, 'lot': False, 'valet': False}"", 'RestaurantsTakeOut': 'True', 'RestaurantsPriceRange2': '2'}",AkVPit-bonP9ctXeCSU_sg,"Restaurants, Cafes, Coffee & Tea, Food",Toronto,"{'Monday': '6:30-22:0', 'Tuesday': '6:30-22:0', 'Wednesday': '6:30-22:0', 'Thursday': '6:30-22:0', 'Friday': '6:30-22:30', 'Saturday': '7:0-22:30', 'Sunday': '7:0-22:30'}",0,43.6493358326,-79.3944037333,Starbucks,M5V 2A4,7,3.5,ON
3143 Yonge Street,"{'BusinessParking': ""{'garage': False, 'street': False, 'validated': False, 'lot': False, 'valet': False}"", 'RestaurantsPriceRange2': '2'}",MHjh2YwtT0VoJfFS2aUZJQ,"Coffee & Tea, Cafes, Restaurants, Food",Toronto,"{'Monday': '6:30-20:0', 'Tuesday': '6:30-20:0', 'Wednesday': '6:30-20:0', 'Thursday': '6:30-20:0', 'Friday': '6:30-20:0', 'Saturday': '7:0-20:0', 'Sunday': '7:0-19:0'}",0,43.7265306,-79.4022497,Starbucks,M4N 2N5,4,3.5,ON
175 Bloor St E,"{'RestaurantsPriceRange2': '2', 'OutdoorSeating': 'True', 'BikeParking': 'True', 'WiFi': ""u'free'"", 'BusinessParking': ""{'garage': False, 'street': True, 'validated': False, 'lot': False, 'valet': False}""}",GF6kwCxTBJ393xdIYVGskw,"Food, Coffee & Tea",Toronto,,1,43.6709598,-79.3829059,Starbucks,M4W 3T5,9,3.0,ON
3050 Yonge Street,"{'RestaurantsPriceRange2': '2', 'OutdoorSeating': 'False', 'WiFi': ""'free'"", 'BikeParking': 'True', 'BusinessParking': ""{'garage': False, 'street': False, 'validated': False, 'lot': False, 'valet': False}"", 'RestaurantsTakeOut': 'True', 'Caters': 'True'}",C0R4f8Kp9FF8knaZGZLWsg,"Food, Coffee & Tea",Toronto,"{'Monday': '5:30-21:30', 'Tuesday': '5:30-21:30', 'Wednesday': '5:30-21:30', 'Thursday': '5:30-21:30', 'Friday': '5:30-21:30', 'Saturday': '6:0-22:0', 'Sunday': '6:30-21:0'}",1,43.7249699101,-79.4023513626,Starbucks,M4N 2K4,3,4.5,ON
6714 Kingston Road,"{'RestaurantsPriceRange2': '2', 'OutdoorSeating': 'True', 'BikeParking': 'True', 'Caters': 'False', 'WiFi': ""'free'"", 'RestaurantsTakeOut': 'True', 'BusinessParking': ""{'garage': False, 'street': False, 'validated': False, 'lot': True, 'valet': False}""}",cQ2T1Vya1kk7MQuDeojo7g,"Food, Coffee & Tea",Toronto,"{'Monday': '5:30-22:0', 'Tuesday': '5:30-22:0', 'Wednesday': '5:30-22:0', 'Thursday': '5:30-22:0', 'Friday': '5:30-22:0', 'Saturday': '6:0-22:30', 'Sunday': '6:0-21:30'}",1,43.7975903597,-79.1489727988,Starbucks,M1B 1G8,20,4.5,ON
"8 Wellesley Street E, Suite 5","{'BusinessParking': ""{'garage': False, 'street': False, 'validated': False, 'lot': False, 'valet': False}"", 'RestaurantsPriceRange2': '2', 'BikeParking': 'True', 'WiFi': ""'free'"", 'Caters': 'True', 'OutdoorSeating': 'False', 'ByAppointmentOnly': 'False', 'Alcohol': ""'none'"", 'RestaurantsTakeOut': 'True'}",rc3uC4080uSOMtJRs59N5g,"Food, Coffee & Tea",Toronto,"{'Monday': '6:0-23:0', 'Tuesday': '6:0-23:0', 'Wednesday': '6:0-23:0', 'Thursday': '6:0-23:0', 'Friday': '6:0-0:0', 'Saturday': '6:0-0:0', 'Sunday': '7:0-23:0'}",1,43.6651654,-79.3842048,Starbucks,M4Y 3B2,19,2.5,ON
205 College Street,"{'Caters': 'True', 'NoiseLevel': ""u'loud'"", 'BikeParking': 'True', 'Ambience': ""{'romantic': False, 'intimate': False, 'classy': False, 'upscale': False, 'touristy': False, 'trendy': False, 'casual': False}"", 'HasTV': 'False', 'RestaurantsPriceRange2': '2', 'OutdoorSeating': 'True', 'RestaurantsTakeOut': 'True', 'WiFi': ""u'free'"", 'BusinessParking': ""{'garage': False, 'street': True, 'validated': False, 'lot': False, 'valet': False}""}",e_buB_IRLmm74kFQSYQ64Q,"Food, Coffee & Tea",Toronto,,0,43.6585732,-79.3956818,Starbucks,M5S 3E5,21,3.0,ON
"3609 Sheppard Avenue E, Suite 3571","{'WiFi': ""u'free'"", 'OutdoorSeating': 'True', 'RestaurantsPriceRange2': '2', 'BikeParking': 'False', 'BusinessParking': ""{'garage': False, 'street': False, 'validated': False, 'lot': False, 'valet': False}"", 'RestaurantsTakeOut': 'True', 'Caters': 'True'}",_G0D8aHqgtU_URReXF0Stg,"Food, Coffee & Tea",Toronto,"{'Monday': '6:0-21:30', 'Tuesday': '6:0-21:30', 'Wednesday': '6:0-21:30', 'Thursday': '6:0-21:30', 'Friday': '6:0-21:30', 'Saturday': '7:30-21:30', 'Sunday': '7:30-21:30'}",0,43.7803091514,-79.2991375941,Starbucks,M1T 3K8,12,4.5,ON
180 Queen Street  W,"{'BikeParking': 'True', 'WiFi': ""u'free'"", 'OutdoorSeating': 'True', 'BusinessParking': ""{'garage': False, 'street': False, 'validated': False, 'lot': False, 'valet': False}"", 'RestaurantsPriceRange2': '1', 'RestaurantsTakeOut': 'True', 'Caters': 'False'}",UQFPNgu2YSoeQr937rlxNQ,"Food, Coffee & Tea",Toronto,"{'Monday': '6:0-22:0', 'Tuesday': '6:0-22:0', 'Wednesday': '6:0-22:0', 'Thursday': '6:0-22:0', 'Friday': '6:0-22:0', 'Saturday': '7:0-22:0', 'Sunday': '7:0-21:0'}",1,43.6507852,-79.3880479,Starbucks,M5V 3X3,10,4.0,ON
10 Dundas St E,"{'BikeParking': 'True', 'RestaurantsPriceRange2': '2', 'OutdoorSeating': 'False', 'RestaurantsTakeOut': 'True', 'BusinessParking': ""{'garage': False, 'street': False, 'validated': False, 'lot': False, 'valet': False}"", 'WiFi': ""'free'""}",yFiZdsSd5KBMqgWRhOFUFw,"Coffee & Tea, Food",Toronto,,1,43.6569658,-79.3804789,Starbucks,M5B 2G4,3,3.0,ON
978 Coxwell Avenue,"{'BusinessParking': ""{'garage': False, 'street': False, 'validated': False, 'lot': False, 'valet': False}"", 'RestaurantsPriceRange2': '2', 'OutdoorSeating': 'True', 'WiFi': ""'free'"", 'BikeParking': 'True', 'RestaurantsTakeOut': 'True'}",dZWh_Iwv3EhZU-bKMiSQWA,"Food, Coffee & Tea",Toronto,"{'Monday': '6:0-22:0', 'Tuesday': '6:0-22:0', 'Wednesday': '6:0-22:0', 'Thursday': '6:0-22:0', 'Friday': '6:0-22:0', 'Saturday': '6:0-21:0', 'Sunday': '6:0-21:0'}",1,43.6959927302,-79.3290226889,Starbucks,M4C 3G5,7,4.0,ON
4 King Street W,"{'WiFi': ""u'free'"", 'BusinessAcceptsCreditCards': 'True', 'RestaurantsPriceRange2': '2', 'RestaurantsDelivery': 'False', 'BusinessParking': ""{'garage': False, 'street': False, 'validated': False, 'lot': False, 'valet': False}"", 'BikeParking': 'True', 'RestaurantsTakeOut': 'True', 'OutdoorSeating': 'True', 'Caters': 'False', 'Alcohol': ""'none'""}",XdKu6a98JlJ75WxWb9JGZg,"Food, Coffee & Tea",Toronto,,1,43.6493592,-79.3784645,Starbucks,M5H 1B6,38,3.0,ON
900 Eglington Avenue W,"{'WiFi': ""'free'"", 'OutdoorSeating': 'True', 'RestaurantsPriceRange2': '2', 'DogsAllowed': 'False', 'RestaurantsTakeOut': 'True', 'Caters': 'False', 'GoodForKids': 'True', 'ByAppointmentOnly': 'False', 'BusinessParking': ""{'garage': False, 'street': False, 'validated': False, 'lot': False, 'valet': False}""}",MMuvBnvAqL2y0dlGiTneVQ,"Food, Coffee & Tea, Cafes, Restaurants",Toronto,,1,43.7007209,-79.4275262,Starbucks,M6C 3Z9,5,3.0,ON
200 Wellington Street W,"{'OutdoorSeating': 'False', 'BikeParking': 'False', 'RestaurantsPriceRange2': '1', 'WiFi': ""'free'"", 'BusinessParking': ""{'garage': False, 'street': False, 'validated': False, 'lot': False, 'valet': False}"", 'RestaurantsTakeOut': 'True'}",z9vF4PytYIIeWdLhhijIKQ,"Food, Coffee & Tea",Toronto,"{'Monday': '6:0-19:0', 'Tuesday': '6:0-19:0', 'Wednesday': '6:0-19:0', 'Thursday': '6:0-19:0', 'Friday': '6:0-19:0'}",1,43.6459076,-79.3878224,Starbucks,M5V 3C7,4,3.0,ON
1250 Bay Street,"{'WiFi': ""u'free'"", 'Caters': 'False', 'RestaurantsPriceRange2': '2', 'OutdoorSeating': 'True', 'BusinessParking': ""{'garage': False, 'street': False, 'validated': False, 'lot': False, 'valet': False}"", 'BikeParking': 'False', 'RestaurantsTakeOut': 'True'}",pMMxRepey5UZL2zfIECEsQ,"Coffee & Tea, Food",Toronto,,1,43.6705596277,-79.3900952997,Starbucks,M5R 2B1,14,3.0,ON
167 Church Street,"{'WiFi': ""'free'"", 'BusinessParking': ""{'garage': False, 'street': False, 'validated': False, 'lot': False, 'valet': False}"", 'BikeParking': 'True', 'OutdoorSeating': 'True', 'RestaurantsPriceRange2': '2', 'RestaurantsTakeOut': 'True'}",WNfXZkfAixG9S5h7HQgK-Q,"Coffee & Tea, Food",Toronto,"{'Monday': '6:0-22:0', 'Tuesday': '6:0-22:0', 'Wednesday': '6:0-22:0', 'Thursday': '6:0-22:0', 'Friday': '6:0-22:0', 'Saturday': '6:0-22:0', 'Sunday': '6:30-21:0'}",0,43.6543861,-79.3759018,Starbucks,M5B 1Y6,5,3.0,ON
"1015 Sheppard Avenue E, Unit 2","{'BusinessParking': ""{'garage': False, 'street': False, 'validated': False, 'lot': False, 'valet': False}"", 'RestaurantsTakeOut': 'True', 'RestaurantsGoodForGroups': 'True', 'NoiseLevel': ""u'quiet'"", 'Alcohol': ""u'none'"", 'Ambience': ""{'romantic': False, 'intimate': False, 'classy': False, 'hipster': False, 'divey': False, 'touristy': False, 'trendy': False, 'upscale': False, 'casual': False}"", 'RestaurantsAttire': ""u'casual'"", 'RestaurantsReservations': 'False', 'HasTV': 'False', 'GoodForKids': 'False', 'RestaurantsDelivery': 'False', 'Caters': 'False', 'WiFi': ""'free'"", 'BikeParking': 'True', 'RestaurantsPriceRange2': '2', 'OutdoorSeating': 'True'}",5u9T2wXUN8UgIb8-8-gwQQ,"Restaurants, Sandwiches, Bakeries, Coffee & Tea, Food",Toronto,"{'Monday': '6:0-22:0', 'Tuesday': '6:0-22:0', 'Wednesday': '6:0-22:0', 'Thursday': '6:0-22:0', 'Friday': '6:0-22:0', 'Saturday': '7:0-22:0', 'Sunday': '7:0-22:0'}",1,43.7696777,-79.3723519,Starbucks,M2K 1C2,24,3.0,ON
200 Elizabeth Street,"{'WiFi': ""'free'"", 'BusinessParking': ""{'garage': False, 'street': False, 'validated': False, 'lot': False, 'valet': False}"", 'RestaurantsPriceRange2': '2', 'OutdoorSeating': 'False', 'RestaurantsTakeOut': 'True', 'BikeParking': 'True'}",Of3wxX_qfISGey1YpbWRBw,"Food, Coffee & Tea",Toronto,,1,43.6586914062,-79.3891372681,Starbucks,M5G 2C4,6,3.0,ON
300 Front Street W,"{'RestaurantsPriceRange2': '2', 'BikeParking': 'True', 'OutdoorSeating': 'False', 'Caters': 'False', 'RestaurantsTakeOut': 'True', 'BusinessParking': ""{'garage': False, 'street': True, 'validated': False, 'lot': True, 'valet': False}"", 'WiFi': ""'free'""}",7auFVFuiNAXDSnmEITHFrQ,"Coffee & Tea, Food",Toronto,"{'Monday': '6:0-23:0', 'Wednesday': '6:0-23:0', 'Thursday': '6:0-23:0', 'Friday': '7:0-23:0', 'Saturday': '7:0-23:0', 'Sunday': '6:0-23:0'}",1,43.6439389405,-79.3893586433,Starbucks,M5V 0E9,11,4.0,ON
"1015 Lake Shore Boulevard E, Suite 4","{'WiFi': ""'free'"", 'BusinessParking': ""{'garage': False, 'street': False, 'validated': False, 'lot': False, 'valet': False}"", 'RestaurantsPriceRange2': '1', 'OutdoorSeating': 'True', 'BikeParking': 'True'}",NuvfCN_z3hjjUZHUIXoXMA,"Coffee & Tea, Food",Toronto,"{'Monday': '5:0-23:0', 'Tuesday': '5:0-23:0', 'Wednesday': '5:0-23:0', 'Thursday': '5:0-23:0', 'Friday': '5:0-23:0', 'Saturday': '5:0-23:0', 'Sunday': '5:0-23:0'}",0,43.6580842,-79.328486,Starbucks,M4M 1B4,6,2.5,ON
2 St. Clair Avenue E,"{'GoodForKids': 'True', 'Alcohol': ""u'none'"", 'RestaurantsGoodForGroups': 'True', 'RestaurantsPriceRange2': '1', 'RestaurantsDelivery': 'False', 'RestaurantsReservations': 'False', 'OutdoorSeating': 'False', 'BikeParking': 'True', 'RestaurantsTakeOut': 'True', 'HasTV': 'False', 'NoiseLevel': ""u'loud'"", 'WiFi': ""u'free'"", 'Ambience': ""{'romantic': False, 'intimate': False, 'classy': False, 'hipster': False, 'divey': False, 'touristy': False, 'trendy': False, 'upscale': False, 'casual': False}"", 'BusinessParking': ""{'garage': False, 'street': False, 'validated': False, 'lot': False, 'valet': False}"", 'Caters': 'False', 'RestaurantsAttire': ""u'casual'""}",OWmacE2tt1WVpJk90a4ElA,"Cafes, Restaurants, Food, Coffee & Tea",Toronto,"{'Monday': '5:30-22:30', 'Tuesday': '5:30-22:30', 'Wednesday': '5:30-22:30', 'Thursday': '5:30-22:30', 'Friday': '5:30-22:30', 'Saturday': '6:0-21:0', 'Sunday': '7:0-21:0'}",1,43.688540727,-79.3941343423,Starbucks,M4T 2T5,8,2.5,ON
2210 Bloor St W,"{'RestaurantsTakeOut': 'True', 'WiFi': ""'free'"", 'RestaurantsPriceRange2': '1', 'OutdoorSeating': 'True', 'BusinessParking': ""{'garage': False, 'street': True, 'validated': False, 'lot': False, 'valet': False}"", 'BikeParking': 'True'}",OAR-e_6VPGAxwWnsDNtdDw,"Food, Coffee & Tea",Toronto,,1,43.6513959,-79.4759902,Starbucks,M6S 1N4,16,3.5,ON
5251 Dundas Street W,"{'BikeParking': 'True', 'RestaurantsPriceRange2': '2', 'OutdoorSeating': 'True', 'BusinessParking': ""{'garage': False, 'street': False, 'validated': False, 'lot': True, 'valet': False}"", 'Caters': 'False', 'WiFi': ""u'free'"", 'RestaurantsTakeOut': 'True'}",qihUmpXFwuRaNb-UC5_BNA,"Coffee & Tea, Food",Toronto,"{'Monday': '6:0-22:0', 'Tuesday': '6:0-22:0', 'Wednesday': '6:0-22:0', 'Thursday': '6:0-22:0', 'Friday': '6:0-22:0', 'Saturday': '8:0-22:0', 'Sunday': '8:0-21:0'}",1,43.6384598916,-79.5380038396,Starbucks,M9B 1B2,10,3.5,ON
655 Dixon Road,"{'BusinessParking': ""{'garage': False, 'street': False, 'validated': False, 'lot': False, 'valet': False}"", 'RestaurantsTakeOut': 'True', 'WiFi': ""'free'""}",mfTK0UGBo4WHbxC8t_u_IA,"Food, Coffee & Tea",Toronto,"{'Monday': '6:0-20:0', 'Tuesday': '6:0-20:0', 'Wednesday': '6:0-20:0', 'Thursday': '6:0-20:0', 'Friday': '6:0-20:0', 'Saturday': '6:0-19:0', 'Sunday': '6:0-19:0'}",1,43.6894228,-79.5780783,Starbucks,M9W 1J3,3,2.0,ON
130 Westmore Drive,"{'BusinessParking': ""{'garage': False, 'street': False, 'validated': False, 'lot': False, 'valet': False}"", 'BusinessAcceptsCreditCards': 'True', 'BikeParking': 'True', 'OutdoorSeating': 'True', 'WiFi': ""'free'"", 'RestaurantsTakeOut': 'True', 'RestaurantsPriceRange2': '2', 'Caters': 'False'}",g7fYIdHRF4VZ58-aIMp5aQ,"Coffee & Tea, Food",Toronto,,1,43.734925515,-79.6014520024,Starbucks,M9V 5E2,5,2.5,ON
A1-251 King Street E,"{'Caters': 'False', 'BusinessParking': ""{'garage': False, 'street': False, 'validated': False, 'lot': False, 'valet': False}"", 'RestaurantsPriceRange2': '2', 'RestaurantsTakeOut': 'True', 'OutdoorSeating': 'True', 'WiFi': ""'free'"", 'BikeParking': 'True'}",b78OMuOntgDZBYYuxSVhzg,"Food, Coffee & Tea",Toronto,"{'Monday': '6:0-22:0', 'Tuesday': '6:0-22:0', 'Wednesday': '6:0-22:0', 'Thursday': '6:0-22:0', 'Friday': '6:0-22:0', 'Saturday': '6:0-22:0', 'Sunday': '7:0-22:0'}",1,43.6511783,-79.3679551,Starbucks,M5A 1K2,6,2.5,ON
2555 Victoria Park Avenue,"{'RestaurantsAttire': ""u'casual'"", 'RestaurantsDelivery': 'False', 'RestaurantsGoodForGroups': 'False', 'RestaurantsReservations': 'False', 'OutdoorSeating': 'True', 'Caters': 'True', 'RestaurantsTakeOut': 'True', 'HasTV': 'False', 'Ambience': ""{'romantic': False, 'intimate': False, 'classy': False, 'hipster': False, 'divey': False, 'touristy': False, 'trendy': False, 'upscale': False, 'casual': True}"", 'NoiseLevel': ""u'average'"", 'GoodForKids': 'True', 'Alcohol': ""u'none'"", 'WiFi': ""u'free'"", 'BikeParking': 'True', 'BusinessParking': ""{'garage': False, 'street': False, 'validated': False, 'lot': True, 'valet': False}"", 'RestaurantsPriceRange2': '1'}",r6bvqwhWy73SgyK_w8Y5Lg,"Coffee & Tea, Food, Restaurants, Sandwiches",Toronto,"{'Monday': '6:0-22:0', 'Tuesday': '6:0-22:0', 'Wednesday': '6:0-22:0', 'Thursday': '6:0-22:0', 'Friday': '6:0-22:0', 'Saturday': '6:0-20:0'}",1,43.7722079553,-79.3212076673,Starbucks,M1T 1A3,24,3.5,ON
81 Front Street E,"{'WiFi': ""u'free'"", 'BusinessParking': ""{'garage': False, 'street': True, 'validated': False, 'lot': False, 'valet': False}"", 'RestaurantsPriceRange2': '2', 'OutdoorSeating': 'True', 'BikeParking': 'True', 'RestaurantsTakeOut': 'True', 'Caters': 'False'}",BtTCTHwoIfr3fBQjaOkpIw,"Coffee & Tea, Food",Toronto,"{'Monday': '6:0-22:0', 'Tuesday': '6:0-22:0', 'Wednesday': '6:0-22:0', 'Thursday': '6:0-22:0', 'Friday': '6:0-22:0', 'Saturday': '6:30-21:0', 'Sunday': '6:0-22:0'}",1,43.6487275,-79.3725058,Starbucks,M5E 1B8,22,4.0,ON
